商品ID,商品名,大分類,小分類,中分類
100013,プチ_フィッシュ120g,CoCoPetit,国内販売,FZ
980001,【寄付】ココ_チキン100g（マルヒ）,CoCo,寄付,FZ
980002,【寄付】ココ_ポーク100g（マルヒ）,CoCo,寄付,FZ
980003,【寄付】ココ_チキン100g（タカ商）,CoCo,寄付,FZ
980004,【寄付】ココ_ポーク100g（タカ商）,CoCo,寄付,FZ
980005,【寄付】ココ_フィッシュ100g,CoCo,寄付,FZ
980009,【寄付】ココ_ジビエ100g,CoCo,寄付,FZ
980011,【寄付】プチ_チキン120g（元の商品）,CoCoPetit,寄付,FZ
980012,【寄付】プチ_ポーク120g,CoCoPetit,寄付,FZ
100020,ココ_チキン100g,CoCo,国内販売,FZ
100021,ココ_ポーク100g,CoCo,国内販売,FZ
100022,ココ_フィッシュ100g,CoCo,国内販売,FZ
100023,ココ_ジビエ100g,CoCo,国内販売,FZ
100024,プチ_ジビエ120g,CoCoPetit,国内販売,FZ
100027,【卸】ココ_チキン100g,CoCo,国内卸売,FZ
100028,【卸】ココ_ポーク100g,CoCo,国内卸売,FZ
100029,【卸】ココ_フィッシュ100g,CoCo,国内卸売,FZ
100030,【卸】ココ_ジビエ100g,CoCo,国内卸売,FZ
980013,【寄付】ココ_チキン100g,CoCo,寄付,FZ
980014,【寄付】ココ_ポーク100g,CoCo,寄付,FZ
980015,【寄付】ココ_フィッシュ100g,CoCo,寄付,FZ
980016,【寄付】ココ_ジビエ100g,CoCo,寄付,FZ
980017,【寄付】レトルト_チキン100g（試作品）,CoCoRetort,寄付,NM
980018,【寄付】レトルト_ポーク100g（試作品）,CoCoRetort,寄付,NM
100031,ケア_早期腎臓サポート100g,CoCoCare,国内販売,FZ
100032,ケア_消化器サポート100g,CoCoCare,国内販売,FZ
100033,ケア_皮膚・被毛ケア100g,CoCoCare,国内販売,FZ
100034,プチ_チキン120g,CoCoPetit,国内販売,FZ
100035,プチ_ポーク120g,CoCoPetit,国内販売,FZ
980023,【寄付】プチ_フィッシュ120g,CoCoPetit,寄付,FZ
980024,【寄付】プチ_ジビエ120g,CoCoPetit,寄付,FZ
980025,【寄付】プチ_チキン120g,CoCoPetit,寄付,FZ
980026,【寄付】プチ_ポーク120g,CoCoPetit,寄付,FZ
100036,レトルト_チキン100g,CoCoRetort,国内販売,NM
100037,レトルト_ポーク100g,CoCoRetort,国内販売,NM
100038,レトルト_フィッシュ100g,CoCoRetort,国内販売,NM
100039,レトルト_ジビエ100g,CoCoRetort,国内販売,NM
100040,レトルト_チキン50g,CoCoRetort,国内販売,NM
100041,レトルト_ポーク50g,CoCoRetort,国内販売,NM
100042,レトルト_フィッシュ50g,CoCoRetort,国内販売,NM
100043,レトルト_ジビエ50g,CoCoRetort,国内販売,NM
980027,【寄付】レトルト_チキン100g,CoCoRetort,寄付,NM
980028,【寄付】レトルト_ポーク100g,CoCoRetort,寄付,NM
980029,【寄付】レトルト_フィッシュ100g,CoCoRetort,寄付,NM
980030,【寄付】レトルト_ジビエ100g,CoCoRetort,寄付,NM
980031,【寄付】レトルト_チキン50g,CoCoRetort,寄付,NM
980032,【寄付】レトルト_ポーク50g,CoCoRetort,寄付,NM
980033,【寄付】レトルト_フィッシュ50g,CoCoRetort,寄付,NM
980034,【寄付】レトルト_ジビエ50g,CoCoRetort,寄付,NM
100044,【イベント用】ココ_チキン100g,CoCo,国内販売,FZ
100045,【イベント用】ココ_ポーク100g,CoCo,国内販売,FZ
100046,【イベント用】ココ_フィッシュ100g,CoCo,国内販売,FZ
100047,【イベント用】ココ_ジビエ100g,CoCo,国内販売,FZ
100048,Xmasケーキ2023,CoCoOthers,国内販売,FZ
100049,【海外】ココグルメレトルトチキン100g,CoCoRetort,海外販売,NM
100050,【海外】ココグルメレトルトポーク100g,CoCoRetort,海外販売,NM
100051,【卸】レトルト_チキン100g,CoCoRetort,国内卸売,NM
100052,【卸】レトルト_ポーク100g,CoCoRetort,国内卸売,NM
100053,【卸】レトルト_フィッシュ100g,CoCoRetort,国内卸売,NM
100054,【卸】レトルト_ジビエ100g,CoCoRetort,国内卸売,NM
100055,【卸】レトルト_チキン50g,CoCoRetort,国内卸売,NM
100056,【卸】レトルト_ポーク50g,CoCoRetort,国内卸売,NM
100057,【卸】レトルト_フィッシュ50g,CoCoRetort,国内卸売,NM
100058,【卸】レトルト_ジビエ50g,CoCoRetort,国内卸売,NM
100059,【卸】プチ_チキン120g,CoCoPetit,国内卸売,FZ
100060,【卸】プチ_ポーク120g,CoCoPetit,国内卸売,FZ
100061,【卸】プチ_フィッシュ120g,CoCoPetit,国内卸売,FZ
100062,【卸】プチ_ジビエ120g,CoCoPetit,国内卸売,FZ
100063,鹿皮ガム（10本入り）,CoCoSnack,国内販売,NM
100064,鹿皮ガム（20本入り）,CoCoSnack,国内販売,NM
980035,【寄付】鹿皮ガム（10本入り）,CoCoSnack,寄付,NM
980036,【寄付】鹿皮ガム（20本入り）,CoCoSnack,寄付,NM
790001,オリジナルフードクリップ（常温）,CoCoGoods,国内販売,NM
980037,【寄付】ケア_早期腎臓サポート100g,CoCoCare,寄付,FZ
980038,【寄付】ケア_消化器サポート100g,CoCoCare,寄付,FZ
980039,【寄付】ケア_スキンケア100g,CoCoCare,寄付,FZ
100065,ココグルメ_チキン150g,CoCo,国内販売,FZ
100066,レトルト_チキン150g,CoCoRetort,国内販売,NM
100067,【卸】ケア_早期腎臓サポート100g,CoCoCare,国内卸売,FZ
100068,【卸】ケア_消化器サポート100g,CoCoCare,国内卸売,FZ
100069,【卸】ケア_スキンケア100g,CoCoCare,国内卸売,FZ
790002,オリジナルフードクリップ（冷凍）,CoCoGoods,国内販売,FZ
100070,【海外】ケア_早期腎臓サポート100g,CoCoCare,海外販売,FZ
100071,【海外】ケア_消化器サポート100g,CoCoCare,海外販売,FZ
100072,【海外】ケア_スキンケア100g,CoCoCare,海外販売,FZ
100073,【海外】ココ_チキン100g,CoCo,海外販売,FZ
100074,【海外】ココ_ポーク100g,CoCo,海外販売,FZ
100075,【海外】ココ_フィッシュ100g,CoCo,海外販売,FZ
100076,【海外】ココ_ジビエ100g,CoCo,海外販売,FZ
100077,【海外】プチ_チキン120g,CoCoPetit,海外販売,FZ
100078,【海外】プチ_ポーク120g,CoCoPetit,海外販売,FZ
100079,【海外】プチ_フィッシュ120g,CoCoPetit,海外販売,FZ
100080,【海外】プチ_ジビエ120g,CoCoPetit,海外販売,FZ
100081,【海外】レトルト_チキン50g,CoCoRetort,海外販売,NM
100082,【海外】レトルト_ポーク50g,CoCoRetort,海外販売,NM
100083,鹿皮ガム94g,CoCoSnack,国内販売,NM
100086,オリジナルおもちゃポーク（冷凍）,CoCoGoods,国内販売,FZ
100087,オリジナルおもちゃポーク（常温）,CoCoGoods,国内販売,NM
100088,ホリデー2024_ローストポーク,CoCoOthers,国内販売,FZ
100089,ホリデー2024_ソース（愛犬向け）,CoCoOthers,国内販売,FZ
100090,ホリデー2024_ムースケーキ,CoCoOthers,国内販売,FZ
100091,ホリデー2024_ソース（ご家族さま用）,CoCoOthers,国内販売,FZ
100092,【一時使用】プチ_フィッシュ120g,CoCoPetit,国内販売,FZ
100093,【一時使用】プチ_ジビエ120g,CoCoPetit,国内販売,FZ
100094,【一時使用】ココ_チキン100g,CoCo,国内販売,FZ
100095,【一時使用】ココ_ポーク100g,CoCo,国内販売,FZ
100096,【一時使用】ココ_フィッシュ100g,CoCo,国内販売,FZ
100097,【一時使用】ココ_ジビエ100g,CoCo,国内販売,FZ
100098,【海外】レトルト_フィッシュ100g,CoCoRetort,海外販売,NM
100099,【海外】レトルト_ジビエ100g,CoCoRetort,海外販売,NM
100100,【海外】レトルト_フィッシュ50g,CoCoRetort,海外販売,NM
100101,【海外】レトルト_ジビエ50g,CoCoRetort,海外販売,NM
980040,【寄付】レトルト_チキン150g,CoCoRetort,寄付,NM
100102,ココ_チキン＆さわら100g,CoCo,国内販売,FZ
300013,ミャオグルメ_ピュアまぐろ(冷凍),MiaoPure,国内販売,FZ
300014,ミャオグルメ_ピュアかつお(冷凍),MiaoPure,国内販売,FZ
310003,ミャオグルメ_ピュアまぐろ(レトルト),MiaoPureRetort,国内販売,NM
310004,ミャオグルメ_ピュアかつお(レトルト),MiaoPureRetort,国内販売,NM
100103,レトルト_チキン100g(冷凍同梱用),CoCoRetort,国内販売,FZ
100104,レトルト_ポーク100g(冷凍同梱用),CoCoRetort,国内販売,FZ
100105,レトルト_フィッシュ100g(冷凍同梱用),CoCoRetort,国内販売,FZ
100106,レトルト_ジビエ100g(冷凍同梱用),CoCoRetort,国内販売,FZ
2039,とりささみNatural粒,Miao,国内販売,FZ
2040,まぐろ＆タラうまみUP粒,Miao,国内販売,FZ
2041,まぐろ＆タラうまみUPペースト,Miao,国内販売,FZ
2042,かつお＆サーモンNatural粒,Miao,国内販売,FZ
2043,とりささみうまみUP,Miao,国内販売,FZ
2044,ささみ＆まぐろNatural粒,Miao,国内販売,FZ
2045,ささみ＆まぐろうまみUP粒,Miao,国内販売,FZ
2046,まぐろ＆タラNatural粒,Miao,国内販売,FZ
2047,かつお＆サーモンうまみUP粒,Miao,国内販売,FZ
2048,かつお＆サーモンうまみUPペースト,Miao,国内販売,FZ
310001,レトルト_まぐろ&タラ50g,MiaoRetort,国内販売,NM
310002,レトルト_かつお&サーモン50g,MiaoRetort,国内販売,NM
300015,【卸】ミャオピュア_まぐろ60g,MiaoPureRetort,国内卸売,FZ
300016,【卸】ミャオピュア_かつお60g,MiaoPureRetort,国内卸売,FZ
100114,【卸】ココ_チキン＆さわら100g,CoCo,国内卸売,FZ
980041,【寄付】ココ_チキン＆さわら100g,CoCo,寄付,FZ
100107,フリーズドライ納豆10g(常温),CoCoSnack,国内販売,NM
100108,フリーズドライ納豆10g(冷凍同梱用),CoCoSnack,国内販売,FZ
100109,ココグルメ・ドライ　チキン＆フィッシュ850g_通販,CoCo Dry,国内販売,NM
100110,ココグルメ・ドライ　チキン＆フィッシュ100g_通販（常温）,CoCo Dry,国内販売,NM
100111,ココグルメ・ドライ　チキン＆フィッシュ100g_通販（冷凍同梱用）,CoCo Dry,国内販売,NM
100112,ココグルメ・ドライ　フリーズドライ4g（常温）,CoCo Dry,国内販売,NM
100113,国産野菜のフリーズドライ4g（冷凍同梱用）,CoCo Dry,国内販売,NM
980042,【寄付】ココグルメ・ドライ　チキン＆フィッシュ100g,CoCo Dry,寄付,NM
980043,【寄付】ココグルメ・ドライ　チキン＆フィッシュ850g,CoCo Dry,寄付,NM
100115,国産野菜のフリーズドライ4g,CoCoSnack,国内販売,NM
100116,【海外】フリーズドライ納豆10g(常温),CoCoSnack,海外販売,NM
980044,【寄付】フリーズドライ納豆10g(常温),CoCoSnack,寄付,NM
100117,【卸】ココグルメ・ドライ　チキン＆フィッシュ850g（プレミアムトッピング）,CoCo Dry,国内販売,NM
,ココグルメおもちゃ(6th限定セット),CoCoOthers,国内販売,NM
,おもちゃ缶(6th限定セット),CoCoOthers,国内販売,NM
,米粉のはなびらクッキー(6th限定セット),CoCoOthers,国内販売,NM
,米粉の海アソートクッキー(6th限定セット),CoCoOthers,国内販売,NM
100125,ココグルメ_ビーフ＆スイートポテト_100g（2025期間限定品）,CoCo,国内販売,FZ
100118,国産野菜のフリーズドライ（ひさ富）　２連包,CoCo Dry,国内販売,NM
100119,ココグルメ・ドライ　チキン＆フィッシュ850g_卸・モール,CoCo Dry,国内販売,NM
100120,ココグルメ・ドライ　チキン＆フィッシュ100g_卸・モール,CoCo Dry,国内販売,NM
100121,【卸・サンプル付】ココグルメ・ドライ　チキン＆フィッシュ（プレミアムトッピング）,CoCo Dry,国内卸売,NM
100122,【卸・サンプル付】ココグルメ・ドライ　チキン＆フィッシュ,CoCo Dry,国内卸売,NM
100123,【海外】ココグルメ・ドライ　チキン＆フィッシュ850g,CoCo Dry,海外販売,NM
100124,【海外】ココグルメ・ドライ　チキン＆フィッシュ100g,CoCo Dry,海外販売,NM
980045,【寄付】 国産野菜のフリーズドライ4g,CoCoSnack,寄付,NM
400001,こもりね　チキン200g,未選択,国内販売,NM
400002,こもりね　チキン1kg,未選択,国内販売,NM
400003,こもりね　チキン3kg,未選択,国内販売,NM
100126,ココグルメ×im donut 限定コラボドーナツ,CoCoOthers,国内販売,FZ
100127,【卸】レトルト4種_50g　アソートパック4袋,CoCoRetort,国内卸売,NM
100128,【卸】レトルトチキン_100g　アソートパック4袋,CoCoRetort,国内卸売,NM
100129,【卸】レトルトポーク_100g　アソートパック4袋,CoCoRetort,国内卸売,NM
100130,【卸】 国産野菜のフリーズドライ4g×3袋,CoCoSnack,国内卸売,NM
980046,【寄付】鹿皮ガム94g,CoCoSnack,寄付,NM
500001,ココモグ・チキン,未選択,未選択,未選択
500002,ココモグ・チキン＆かつお,未選択,未選択,未選択
500003,ココモグ・ビーフ＆チキン,未選択,未選択,未選択
500004,ココモグ・ラム＆チキン,未選択,未選択,未選択
100131,ココグルメXmasケーキ2025,CoCoOthers,国内販売,FZ
100132,平飼い卵と米粉のクッキー　マヌカハニー,CoCoOthers,国内販売,FZ
100133,平飼い卵と米粉のクッキー　糀＆乳酸菌,CoCoOthers,国内販売,FZ
100134,Dadwaypet サンタスロープトイ,CoCoOthers,国内販売,FZ
100135,ココ_フィッシュ100g_26RN,CoCo,国内販売,FZ
100136,プチ_フィッシュ120g_26RN,CoCoPetit,国内販売,FZ
100137,レトルト_フィッシュ100g_26RN,CoCoRetort,国内販売,NM
100138,レトルト_フィッシュ50g_26RN,CoCoRetort,国内販売,NM
103,おやつ缶(6th限定セット),CoCoOthers,国内販売,NM
100139,【卸】ココグルメXmasケーキ2025,CoCoOthers,国内卸売,FZ
,ココグルメ・ピューレ　チキン10g×4本（仮）,CoCoSnack,国内販売,NM
,ココグルメ・ピューレ　まぐろ10g×4本（仮）,CoCoSnack,国内販売,NM
100140,【卸】ココグルメ・フリーズドライ　国産大豆のフリーズドライ納豆 10g×3袋パック,CoCoSnack,国内卸売,NM
100141,ココ_ビーフ100g,CoCo,国内販売,FZ
100142,レトルト_ビーフ50g,CoCoRetort,国内販売,NM
100143,レトルト_ビーフ100g,CoCoRetort,国内販売,NM
100144,【海外】 国産野菜のフリーズドライ4g,CoCoSnack,海外販売,NM
,,未選択,未選択,未選択
,,未選択,未選択,未選択
,,未選択,未選択,未選択
,,未選択,未選択,未選択
,,未選択,未選択,未選択
,,未選択,未選択,未選択
,,未選択,未選択,未選択
,,未選択,未選択,未選択
,,未選択,未選択,未選択
,,未選択,未選択,未選択
,,未選択,未選択,未選択
,,未選択,未選択,未選択
,,未選択,未選択,未選択
,,未選択,未選択,未選択
,,未選択,未選択,未選択
,,未選択,未選択,未選択
,,未選択,未選択,未選択
,,未選択,未選択,未選択
,,未選択,未選択,未選択
,,未選択,未選択,未選択
,,未選択,未選択,未選択
,,未選択,未選択,未選択
,,未選択,未選択,未選択
,,未選択,未選択,未選択
,,未選択,未選択,未選択
,,未選択,未選択,未選択
,,未選択,未選択,未選択
,,未選択,未選択,未選択
,,未選択,未選択,未選択
2021,マグロ＆タラ60g,Miao,国内販売,FZ
2022,カツオ＆サーモン60g,Miao,国内販売,FZ
2039,とりささみNatural粒,Miao,国内販売,FZ
2040,まぐろ＆タラうまみUP粒,Miao,国内販売,FZ
2041,まぐろ＆タラうまみUPペースト,Miao,国内販売,FZ
2042,かつお＆サーモンNatural粒,Miao,国内販売,FZ
2043,とりささみうまみUP,Miao,国内販売,FZ
2044,ささみ＆まぐろNatural粒,Miao,国内販売,FZ
2045,ささみ＆まぐろうまみUP粒,Miao,国内販売,FZ
2046,まぐろ＆タラNatural粒,Miao,国内販売,FZ
2047,かつお＆サーモンうまみUP粒,Miao,国内販売,FZ
2048,かつお＆サーモンうまみUPペースト,Miao,国内販売,FZ
8701,【寄付】とりささみNatural粒,Miao,寄付,FZ
8702,【寄付】まぐろ＆タラうまみUP粒,Miao,寄付,FZ
8703,【寄付】まぐろ＆タラうまみUPペースト,Miao,寄付,FZ
8704,【寄付】かつお＆サーモンNatural粒,Miao,寄付,FZ
8705,【寄付】とりささみうまみUP,Miao,寄付,FZ
8706,【寄付】ささみ＆まぐろNatural粒,Miao,寄付,FZ
8707,【寄付】ささみ＆まぐろうまみUP粒,Miao,寄付,FZ
8708,【寄付】まぐろ＆タラNatural粒,Miao,寄付,FZ
8709,【寄付】かつお＆サーモンうまみUP粒,Miao,寄付,FZ
8710,【寄付】かつお＆サーモンうまみUPペースト,Miao,寄付,FZ
300013,ミャオピュア_まぐろ60g,MiaoPure,国内販売,FZ
300014,ミャオピュア_かつお60g,MiaoPure,国内販売,FZ
300015,【卸】ミャオピュア_まぐろ60g,MiaoPure,国内卸売,FZ
300016,【卸】ミャオピュア_かつお60g,MiaoPure,国内卸売,FZ
310001,レトルト_まぐろ&タラ50g,MiaoRetort,国内販売,NM
310002,レトルト_かつお&サーモン50g,MiaoRetort,国内販売,NM
310003,ミャオピュア_レトルト_まぐろ50g,MiaoPureRetort,国内販売,NM
310004,ミャオピュア_レトルト_かつお50g,MiaoPureRetort,国内販売,NM
310005,【卸】レトルト_まぐろ&タラ50g,MiaoRetort,国内卸売,NM
310006,【卸】レトルト_かつお&サーモン50g,MiaoRetort,国内卸売,NM
310007,【卸】ミャオピュア_レトルト_まぐろ50g,MiaoPureRetort,国内卸売,NM
310008,【卸】ミャオピュア_レトルト_かつお50g,MiaoPureRetort,国内卸売,NM
310009,【香港】レトルト_まぐろ&タラ50g,MiaoRetort,海外販売,NM
310010,【香港】レトルト_かつお&サーモン50g,MiaoRetort,海外販売,NM
310011,【香港】ミャオピュア_レトルト_まぐろ50g,MiaoPureRetort,海外販売,NM
310012,【香港】ミャオピュア_レトルト_かつお50g,MiaoPureRetort,海外販売,NM
310013,にゃっち_チキン10g×1本,MiaoSnack,国内販売,NM
310014,にゃっち_まぐろ10g×1本,MiaoSnack,国内販売,NM
310015,にゃっち_チキン10g×4本_卸,MiaoSnack,国内販売,NM
310016,にゃっち_まぐろ10g×4本_卸,MiaoSnack,国内販売,NM
310017,にゃっち_チキン10g×4本_モール,MiaoSnack,国内販売,NM
310018,にゃっち_まぐろ10g×4本_モール,MiaoSnack,国内販売,NM
310019,にゃっち_チキン10g×15本_通販,MiaoSnack,国内販売,NM
310020,にゃっち_まぐろ10g×15本_通販,MiaoSnack,国内販売,NM
310021,にゃっち_チキン10g×7本_通販,MiaoSnack,国内販売,NM
310022,にゃっち_まぐろ10g×7本_通販,MiaoSnack,国内販売,NM
900001,返送用着払い伝票(冷凍),未選択,未選択,未選択
900002,返送用着払い伝票(常温),未選択,未選択,未選択
900013,【寄付】ミャオピュア_まぐろ60g,MiaoPure,寄付,FZ
900014,【寄付】ミャオピュア_かつお60g,MiaoPure,寄付,FZ
910001,【寄付】レトルト_まぐろ&タラ50g,MiaoRetort,寄付,NM
910002,【寄付】レトルト_かつお&サーモン50g,MiaoRetort,寄付,NM
910003,【寄付】ミャオピュア_レトルト_まぐろ50g,MiaoPureRetort,寄付,NM
910004,【寄付】ミャオピュア_レトルト_かつお50g,MiaoPureRetort,寄付,NM
910005,【寄付】にゃっち_チキン10g,MiaoSnack,寄付,NM
910006,【寄付】にゃっち_まぐろ10g,MiaoSnack,寄付,NM
990001,【寄付】マグロ＆タラ60g,Miao,寄付,FZ
990002,【寄付】カツオ＆サーモン60g,Miao,寄付,FZ
310023,にゃっち_かつお10g×4本_卸,MiaoSnack,国内販売,NM
310024,にゃっち_かつお10g×4本_モール,MiaoSnack,国内販売,NM
310025,にゃっち_かつお10g×10本_通販,MiaoSnack,国内販売,NM
310026,にゃっち_かつお10g×5本_通販,MiaoSnack,国内販売,NM
310027,にゃっち_チキン10g×10本_通販,MiaoSnack,国内販売,NM
310028,にゃっち_まぐろ10g×10本_通販,MiaoSnack,国内販売,NM
310029,にゃっち_チキン10g×5本_通販,MiaoSnack,国内販売,NM
310030,にゃっち_まぐろ10g×5本_通販,MiaoSnack,国内販売,NM
310031,【海外】にゃっち_まぐろ10g×4本_モール,MiaoSnack,海外販売,NM
310032,【海外】にゃっち_チキン10g×4本_モール,MiaoSnack,海外販売,NM
310033,【海外】にゃっち_かつお10g×4本_モール,MiaoSnack,海外販売,NM
910007,【寄付】にゃっち_かつお10g,MiaoSnack,寄付,NM
310034,ミャオ_まぐろ＆サーモン35g,Miao,国内販売,FZ
310035,ミャオ_かつお＆サーモン35g,Miao,国内販売,FZ
310037,ミャオ_チキン＆サーモン35g,Miao,国内販売,FZ
310036,ミャオ_チキン35g,Miao,国内販売,FZ
310038,ミャオレトルト_まぐろ＆サーモン35g,MiaoRetort,国内販売,NM
310039,ミャオレトルト_かつお＆サーモン35g,MiaoRetort,国内販売,NM
310041,ミャオレトルト_チキン＆サーモン35g,MiaoRetort,国内販売,NM
310040,ミャオレトルト_チキン35g,MiaoRetort,国内販売,NM
910008,【寄付】ミャオ_まぐろ＆サーモン35g,Miao,寄付,FZ
910009,【寄付】ミャオ_かつお＆サーモン35g,Miao,寄付,FZ
910010,【寄付】ミャオ_チキン35g,Miao,寄付,FZ
910011,【寄付】ミャオ_チキン＆サーモン35g,Miao,寄付,FZ
910012,【寄付】ミャオレトルト_まぐろ＆サーモン35g,MiaoRetort,寄付,NM
910013,【寄付】ミャオレトルト_かつお＆サーモン35g,MiaoRetort,寄付,NM
910014,【寄付】ミャオレトルト_チキン35g,MiaoRetort,寄付,NM
910015,【寄付】ミャオレトルト_チキン＆サーモン35g,MiaoRetort,寄付,NM
310042,【楽天用】レトルト_まぐろ&タラ50g,MiaoRetort,国内販売,NM
310043,にゃっち_サーモン10g×4本_卸,MiaoSnack,国内卸売,NM
310044,にゃっち_オリジナルおやつ缶,MiaoOthers,国内販売,NM
310045,【海外】ミャオレトルト_まぐろ＆サーモン35g,MiaoRetort,海外販売,NM
310046,【海外】ミャオレトルト_かつお＆サーモン35g,MiaoRetort,海外販売,NM
310047,【海外】ミャオレトルト_チキン35g,MiaoRetort,海外販売,NM
310048,【海外】ミャオレトルト_チキン＆サーモン35g,MiaoRetort,海外販売,NM
,,未選択,未選択,未選択
,,未選択,未選択,未選択
,,未選択,未選択,未選択
,,未選択,未選択,未選択
,,未選択,未選択,未選択
,,未選択,未選択,未選択
,,未選択,未選択,未選択
,,未選択,未選択,未選択
,,未選択,未選択,未選択
