SET_ID,セット構成名称,大分類,中分類,小分類
9053,【寄付用】マルヒフィッシュ,ココグルメ,冷凍,廃番
9057,【寄付用】プチポーク,ココグルメ,冷凍,廃番
9058,【寄付用】ジビエ,ココグルメ,冷凍,廃番
20003,お試しBOX（カツオ4袋）,ミャオグルメ,冷凍,廃番
29001,寄付マグロ＆タラ60g,ココグルメ,冷凍,廃番
29002,寄付カツオ＆サーモン60g,ココグルメ,冷凍,廃番
31001,お試しBOX(10種類セット),ミャオグルメ,冷凍,お試し
32000,とりささみ(ナチュラル・粒):12袋,ミャオグルメ,冷凍,通販共通
32001,とりささみ(ナチュラル):6袋／とりささみ(うまみUP):6袋,ミャオグルメ,冷凍,通販共通
32002,とりささみ(ナチュラル):6袋／まぐろ&タラ(ナチュラル):6袋,ミャオグルメ,冷凍,通販共通
32003,とりささみ(ナチュラル):6袋／まぐろ&タラ(うまみUP):6袋,ミャオグルメ,冷凍,通販共通
32004,とりささみ(ナチュラル):6袋／まぐろ&タラ(うまみUP・ペースト):6袋,ミャオグルメ,冷凍,通販共通
32005,とりささみ(ナチュラル):6袋／かつお&サーモン(ナチュラル):6袋,ミャオグルメ,冷凍,通販共通
32006,とりささみ(ナチュラル):6袋／かつお&サーモン(うまみUP):6袋,ミャオグルメ,冷凍,通販共通
32007,とりささみ(ﾅﾁｭﾗﾙ):6袋／かつお&ｻｰﾓﾝ(うまみUP・ﾍﾟｰｽﾄ):6袋,ミャオグルメ,冷凍,通販共通
32008,とりささみ(ナチュラル):6袋／ささみ&まぐろ(ナチュラル):6袋,ミャオグルメ,冷凍,通販共通
32009,とりささみ(ナチュラル):6袋／ささみ&まぐろ(うまみUP):6袋,ミャオグルメ,冷凍,通販共通
32011,とりささみ(うまみUP):12袋,ミャオグルメ,冷凍,通販共通
32012,とりささみ(うまみUP):6袋／まぐろ&タラ(ナチュラル):6袋,ミャオグルメ,冷凍,通販共通
32013,とりささみ(うまみUP):6袋／まぐろ&タラ(うまみUP):6袋,ミャオグルメ,冷凍,通販共通
32014,とりささみ(うまみUP):6袋／まぐろ&タラ(うまみUP・ペースト):6袋,ミャオグルメ,冷凍,通販共通
32015,とりささみ(うまみUP):6袋／かつお&サーモン(ナチュラル):6袋,ミャオグルメ,冷凍,通販共通
32016,とりささみ(うまみUP):6袋／かつお&サーモン(うまみUP):6袋,ミャオグルメ,冷凍,通販共通
32017,とりささみ(うまみUP):6袋／かつお&サーモン(うまみUP・ペースト):6袋,ミャオグルメ,冷凍,通販共通
32018,とりささみ(うまみUP):6袋／ささみ&まぐろ(ナチュラル):6袋,ミャオグルメ,冷凍,通販共通
32019,とりささみ(うまみUP):6袋／ささみ&まぐろ(うまみUP):6袋,ミャオグルメ,冷凍,通販共通
32022,まぐろ&タラ(ナチュラル):12袋,ミャオグルメ,冷凍,通販共通
32023,まぐろ&タラ(ナチュラル):6袋／まぐろ&タラ(うまみUP):6袋,ミャオグルメ,冷凍,通販共通
32024,まぐろ&タラ(ナチュラル):6袋／まぐろ&タラ(うまみUP・ペースト):6袋,ミャオグルメ,冷凍,通販共通
32025,まぐろ&タラ(ナチュラル):6袋／かつお&サーモン(ナチュラル):6袋,ミャオグルメ,冷凍,通販共通
32026,まぐろ&タラ(ナチュラル):6袋／かつお&サーモン(うまみUP):6袋,ミャオグルメ,冷凍,通販共通
32027,まぐろ&ﾀﾗ(ﾅﾁｭﾗﾙ):6袋／かつお&ｻｰﾓﾝ(うまみUP・ﾍﾟｰｽﾄ):6袋,ミャオグルメ,冷凍,通販共通
32028,まぐろ&タラ(ナチュラル):6袋／ささみ&まぐろ(ナチュラル):6袋,ミャオグルメ,冷凍,通販共通
32029,まぐろ&タラ(ナチュラル):6袋／ささみ&まぐろ(うまみUP):6袋,ミャオグルメ,冷凍,通販共通
32033,まぐろ&タラ(うまみUP):12袋,ミャオグルメ,冷凍,通販共通
32034,まぐろ&タラ(うまみUP):6袋／まぐろ&タラ(うまみUP・ペースト):6袋,ミャオグルメ,冷凍,通販共通
32035,まぐろ&タラ(うまみUP):6袋／かつお&サーモン(ナチュラル):6袋,ミャオグルメ,冷凍,通販共通
32036,まぐろ&タラ(うまみUP):6袋／かつお&サーモン(うまみUP):6袋,ミャオグルメ,冷凍,通販共通
32037,まぐろ&ﾀﾗ(うまみUP):6袋／かつお&ｻｰﾓﾝ(うまみUP・ﾍﾟｰｽﾄ):6袋,ミャオグルメ,冷凍,通販共通
32038,まぐろ&タラ(うまみUP):6袋／ささみ&まぐろ(ナチュラル):6袋,ミャオグルメ,冷凍,通販共通
32039,まぐろ&タラ(うまみUP):6袋／ささみ&まぐろ(うまみUP):6袋,ミャオグルメ,冷凍,通販共通
32044,まぐろ&タラ(うまみUP・ペースト):12袋,ミャオグルメ,冷凍,通販共通
32045,まぐろ&ﾀﾗ(うまみUP・ﾍﾟｰｽﾄ):6袋／かつお&ｻｰﾓﾝ(ﾅﾁｭﾗﾙ):6袋,ミャオグルメ,冷凍,通販共通
32046,まぐろ&ﾀﾗ(うまみUP・ﾍﾟｰｽﾄ):6袋／かつお&ｻｰﾓﾝ(うまみUP):6袋,ミャオグルメ,冷凍,通販共通
32047,まぐろ&ﾀﾗ(うまみUP・ﾍﾟｰｽﾄ):6袋／かつお&ｻｰﾓﾝ(うまみUP・ﾍﾟｰｽﾄ):6袋,ミャオグルメ,冷凍,通販共通
32048,まぐろ&ﾀﾗ(うまみUP・ﾍﾟｰｽﾄ):6袋／ささみ&まぐろ(ﾅﾁｭﾗﾙ):6袋,ミャオグルメ,冷凍,通販共通
32049,まぐろ&タラ(うまみUP・ペースト):6袋／ささみ&まぐろ(うまみUP):6袋,ミャオグルメ,冷凍,通販共通
32055,かつお&サーモン(ナチュラル):12袋,ミャオグルメ,冷凍,通販共通
32056,かつお&ｻｰﾓﾝ(ﾅﾁｭﾗﾙ):6袋／かつお&ｻｰﾓﾝ(うまみUP):6袋,ミャオグルメ,冷凍,通販共通
32057,かつお&ｻｰﾓﾝ(ﾅﾁｭﾗﾙ):6袋／かつお&ｻｰﾓﾝ(うまみUP・ﾍﾟｰｽﾄ):6袋,ミャオグルメ,冷凍,通販共通
32058,かつお&ｻｰﾓﾝ(ﾅﾁｭﾗﾙ):6袋／ささみ&まぐろ(ﾅﾁｭﾗﾙ):6袋,ミャオグルメ,冷凍,通販共通
32059,かつお&サーモン(ナチュラル):6袋／ささみ&まぐろ(うまみUP):6袋,ミャオグルメ,冷凍,通販共通
32066,かつお&サーモン(うまみUP):12袋,ミャオグルメ,冷凍,通販共通
32067,かつお&ｻｰﾓﾝ(うまみUP):6袋／かつお&ｻｰﾓﾝ(うまみUP・ﾍﾟｰｽﾄ):6袋,ミャオグルメ,冷凍,通販共通
32068,かつお&サーモン(うまみUP):6袋／ささみ&まぐろ(ナチュラル):6袋,ミャオグルメ,冷凍,通販共通
32069,かつお&サーモン(うまみUP):6袋／ささみ&まぐろ(うまみUP):6袋,ミャオグルメ,冷凍,通販共通
32077,かつお&サーモン(うまみUP・ペースト):12袋,ミャオグルメ,冷凍,通販共通
32078,かつお&ｻｰﾓﾝ(うまみUP・ﾍﾟｰｽﾄ):6袋／ささみ&まぐろ(ﾅﾁｭﾗﾙ):6袋,ミャオグルメ,冷凍,通販共通
32079,かつお&ｻｰﾓﾝ(うまみUP・ﾍﾟｰｽﾄ):6袋／ささみ&まぐろ(うまみUP):6袋,ミャオグルメ,冷凍,通販共通
32088,ささみ&まぐろ(ナチュラル):12袋,ミャオグルメ,冷凍,通販共通
32089,ささみ&まぐろ(ナチュラル):6袋／ささみ&まぐろ(うまみUP):6袋,ミャオグルメ,冷凍,通販共通
32099,ささみ&まぐろ(うまみUP):12袋,ミャオグルメ,冷凍,通販共通
1991218,テスト,,,
22000001,ミャオ・ピュア・お試しセット(まぐろ2＋かつお2),ミャオグルメ,冷凍,お試し
22000002,ミャオ・ピュア・まぐろ12袋,ミャオグルメ,冷凍,通販共通
22000003,ミャオ・ピュア・かつお12袋,ミャオグルメ,冷凍,通販共通
22000004,ミャオ・ピュア・まぐろ6袋＋かつお6袋,ミャオグルメ,冷凍,通販共通
23000001,ミャオレトルト・お試しセット(4種1袋ずつ),ミャオレトルト,レトルト,お試し
23000002,ミャオレトルト・バラエティ(4種3袋ずつ),ミャオレトルト,レトルト,通販共通
23000003,ミャオレトルト・まぐろ＆タラ12袋,ミャオレトルト,レトルト,通販共通
23000004,ミャオレトルト・かつお＆サーモン12袋,ミャオレトルト,レトルト,通販共通
23000005,ミャオレトルト・まぐろ12袋,ミャオレトルト,レトルト,通販共通
23000006,ミャオレトルト・かつお12袋,ミャオレトルト,レトルト,通販共通
23000007,ミャオレトルト・まぐろタラ6袋＋かつおサーモン6袋,ミャオレトルト,レトルト,通販共通
23000008,ミャオレトルト・まぐろ6袋＋かつお6袋,ミャオレトルト,レトルト,通販共通
23000009,【FBA】ミャオレトルト_まぐろ&タラ50g2袋,ミャオレトルト,レトルト,FBA
23000010,【FBA】ミャオレトルト_まぐろ&タラ50g4袋,ミャオレトルト,レトルト,FBA
23000011,【FBA】ミャオレトルト_かつお&サーモン50g2袋,ミャオレトルト,レトルト,FBA
23000012,【FBA】ミャオレトルト_かつお&サーモン50g4袋,ミャオレトルト,レトルト,FBA
23000013,【FBA】ミャオピュア_レトルト_まぐろ50g2袋,ミャオレトルト,レトルト,FBA
23000014,【FBA】ミャオピュア_レトルト_まぐろ50g4袋,ミャオレトルト,レトルト,FBA
23000015,【FBA】ミャオピュア_レトルト_かつお50g2袋,ミャオレトルト,レトルト,FBA
23000016,【FBA】ミャオピュア_レトルト_かつお50g4袋,ミャオレトルト,レトルト,FBA
23000017,【楽天】ミャオレトルト_まぐろ&タラ50g2袋,ミャオレトルト,レトルト,モール
23000018,【楽天】ミャオレトルト_まぐろ&タラ50g4袋,ミャオレトルト,レトルト,モール
23000019,【楽天】ミャオレトルト_かつお&サーモン50g2袋,ミャオレトルト,レトルト,モール
23000020,【楽天】ミャオレトルト_かつお&サーモン50g4袋,ミャオレトルト,レトルト,モール
23000021,【楽天】ミャオピュア_レトルト_まぐろ50g2袋,ミャオレトルト,レトルト,モール
23000022,【楽天】ミャオピュア_レトルト_まぐろ50g4袋,ミャオレトルト,レトルト,モール
23000023,【楽天】ミャオピュア_レトルト_かつお50g2袋,ミャオレトルト,レトルト,モール
23000024,【楽天】ミャオピュア_レトルト_かつお50g4袋,ミャオレトルト,レトルト,モール
23000025,にゃっち_お試し(チキン7・まぐろ7),ミャオスナック,レトルト,お試し
23000026,にゃっち_2種類セット(チキン15・まぐろ15),ミャオスナック,レトルト,通販共通
23000027,にゃっち_1種類セット チキン(チキン30),ミャオスナック,レトルト,通販共通
23000028,にゃっち_1種類セット まぐろ(まぐろ30),ミャオスナック,レトルト,通販共通
23000029,【FBA】にゃっち(チキン＆まぐろ)2袋,ミャオスナック,レトルト,FBA
23000030,【FBA】にゃっち(チキン)2袋,ミャオスナック,レトルト,FBA
23000031,【FBA】にゃっち(まぐろ)2袋,ミャオスナック,レトルト,FBA
23000032,【FBA】にゃっち(チキン＆まぐろ)4袋,ミャオスナック,レトルト,FBA
23000033,【FBA】にゃっち(チキン)4袋,ミャオスナック,レトルト,FBA
23000034,【FBA】にゃっち(まぐろ)4袋,ミャオスナック,レトルト,FBA
23000035,【FBA】にゃっち(チキン＆まぐろ)8袋,ミャオスナック,レトルト,FBA
23000036,【FBA】にゃっち(チキン)8袋,ミャオスナック,レトルト,FBA
23000037,【FBA】にゃっち(まぐろ)8袋,ミャオスナック,レトルト,FBA
23000044,にゃっち_2種類セット(おまけ用)(チキン1・まぐろ1),ミャオスナック,レトルト,施策用
23000045,【楽天】にゃっち(チキン＆まぐろ)4袋,ミャオスナック,レトルト,楽天用
23000046,【楽天】にゃっち(チキン)4袋,ミャオスナック,レトルト,楽天用
23000047,【楽天】にゃっち(まぐろ)4袋,ミャオスナック,レトルト,楽天用
23000048,【楽天】にゃっち(チキン＆まぐろ)8袋,ミャオスナック,レトルト,楽天用
23000049,【楽天】にゃっち(チキン)8袋,ミャオスナック,レトルト,楽天用
23000050,【楽天】にゃっち(まぐろ)8袋,ミャオスナック,レトルト,楽天用
23000051,【楽天】にゃっち(チキン＆まぐろ)2袋,ミャオスナック,レトルト,楽天用
23000052,【楽天】にゃっち(チキン)2袋,ミャオスナック,レトルト,楽天用
23000053,【楽天】にゃっち(まぐろ)2袋,ミャオスナック,レトルト,楽天用
23000054,【Yahoo!】にゃっち(チキン＆まぐろ)4袋,ミャオスナック,レトルト,Yahoo用
23000055,【Yahoo!】にゃっち(まぐろ)4袋,ミャオスナック,レトルト,Yahoo用
23000056,【Yahoo!】にゃっち(チキン)4袋,ミャオスナック,レトルト,Yahoo用
23000057,【Yahoo!】にゃっち(チキン＆まぐろ)8袋,ミャオスナック,レトルト,Yahoo用
23000058,【Yahoo!】にゃっち(チキン)8袋,ミャオスナック,レトルト,Yahoo用
23000059,【Yahoo!】にゃっち(まぐろ)8袋,ミャオスナック,レトルト,Yahoo用
23000060,【Yahoo!】にゃっち(チキン＆まぐろ)2袋,ミャオスナック,レトルト,Yahoo用
23000061,【Yahoo!】にゃっち(チキン)2袋,ミャオスナック,レトルト,Yahoo用
23000062,【Yahoo!】にゃっち(まぐろ)2袋,ミャオスナック,レトルト,Yahoo用
23000063,にゃっち_お試し(チキン4・まぐろ4),ミャオスナック,レトルト,お試し
23000066,【楽天】にゃっちおためしBOX(チキン＆まぐろ)2袋,ミャオスナック,レトルト,楽天用
23000067,【FBA】にゃっち(チキン＆まぐろ)16袋,ミャオレトルト,レトルト,FBA
23000068,【FBA】にゃっち(チキン)16袋,ミャオレトルト,レトルト,FBA
23000069,【FBA】にゃっち(まぐろ)16袋,ミャオレトルト,レトルト,FBA
23000070,【お試し】にゃっち(チキン5・まぐろ5・かつお5),ミャオスナック,レトルト,お試し
23000071,にゃっち_3種類セット(チキン10・まぐろ10・かつお10),ミャオスナック,レトルト,通販共通
23000072,にゃっち_2種類セット(チキン15・まぐろ15),ミャオスナック,レトルト,通販共通
23000073,にゃっち_2種類セット(チキン15・かつお15),ミャオスナック,レトルト,通販共通
23000074,にゃっち_2種類セット(まぐろ15・かつお15),ミャオスナック,レトルト,通販共通
23000075,にゃっち_1種類セット(チキン30),ミャオスナック,レトルト,通販共通
23000076,にゃっち_1種類セット(まぐろ30),ミャオスナック,レトルト,通販共通
23000077,にゃっち_1種類セット(かつお30),ミャオスナック,レトルト,通販共通
23000078,【FBA】にゃっち(かつお)2袋,ミャオスナック,レトルト,FBA
23000079,【FBA】にゃっち(チキン＆まぐろ＆かつお)3袋,ミャオスナック,レトルト,FBA
23000080,【FBA】にゃっち(かつお)4袋,ミャオスナック,レトルト,FBA
23000081,【FBA】にゃっち(かつお)8袋,ミャオスナック,レトルト,FBA
23000082,【FBA】にゃっち(チキン＆まぐろ＆かつお)15袋,ミャオスナック,レトルト,FBA
23000083,【FBA】にゃっち(かつお)16袋,ミャオスナック,レトルト,FBA
23000084,【モール】にゃっち(かつお)2袋,ミャオスナック,レトルト,モール
23000085,【モール】にゃっち(チキン＆まぐろ＆かつお)3袋,ミャオスナック,レトルト,モール
23000086,【モール】にゃっち(かつお)4袋,ミャオスナック,レトルト,モール
23000087,【モール】にゃっち(かつお)8袋,ミャオスナック,レトルト,モール
23000088,【モール】にゃっち(チキン＆まぐろ＆かつお)15袋,ミャオスナック,レトルト,モール
23000089,【モール】にゃっち(かつお)16袋,ミャオスナック,レトルト,モール
23000090,【モール】にゃっち(チキン)16袋,ミャオスナック,レトルト,モール
23000091,【モール】にゃっち(まぐろ)16袋,ミャオスナック,レトルト,モール
23000092,【お試し】ミャオ_4種(まぐろサーモン1+かつおサーモン1+チキンサーモン1+チキン1),ミャオグルメ,冷凍,お試し
23000093,【お試し】ミャオ_1種(まぐろサーモン4),ミャオグルメ,冷凍,お試し
23000094,【お試し】ミャオ_1種(かつおサーモン4),ミャオグルメ,冷凍,お試し
23000095,【お試し】ミャオ_1種(チキンサーモン4),ミャオグルメ,冷凍,お試し
23000096,【お試し】ミャオ_1種(チキン4),ミャオグルメ,冷凍,お試し
23000097,ミャオ_4種(まぐろサーモン4+かつおサーモン4+チキンサーモン4+チキン4),ミャオグルメ,冷凍,通販共通
23000098,ミャオ_3種(まぐろサーモン6+かつおサーモン5+チキン5),ミャオグルメ,冷凍,通販共通
23000099,ミャオ_3種(まぐろサーモン6+かつおサーモン5+チキンサーモン5),ミャオグルメ,冷凍,通販共通
23000100,ミャオ_3種(まぐろサーモン6+チキンサーモン5+チキン5),ミャオグルメ,冷凍,通販共通
23000101,ミャオ_3種(かつおサーモン6+チキンサーモン5+チキン5),ミャオグルメ,冷凍,通販共通
23000102,ミャオ_2種(まぐろサーモン8+かつおサーモン8),ミャオグルメ,冷凍,通販共通
23000103,ミャオ_2種(まぐろサーモン8+チキン8),ミャオグルメ,冷凍,通販共通
23000104,ミャオ_2種(まぐろサーモン8+チキンサーモン8),ミャオグルメ,冷凍,通販共通
23000105,ミャオ_2種(かつおサーモン8+チキン8),ミャオグルメ,冷凍,通販共通
23000106,ミャオ_2種(かつおサーモン8+チキンサーモン8),ミャオグルメ,冷凍,通販共通
23000107,ミャオ_2種(チキンサーモン8+チキン8),ミャオグルメ,冷凍,通販共通
23000108,ミャオ_1種(まぐろサーモン16),ミャオグルメ,冷凍,通販共通
23000109,ミャオ_1種(かつおサーモン16),ミャオグルメ,冷凍,通販共通
23000110,ミャオ_1種(チキンサーモン16),ミャオグルメ,冷凍,通販共通
23000111,ミャオ_1種(チキン16),ミャオグルメ,冷凍,通販共通
23000112,【お試し】ミャオレトルト_4種(まぐろサーモン1+かつおサーモン1+チキンサーモン1+チキン1),ミャオレトルト,レトルト,お試し
23000113,【お試し】ミャオレトルト_1種(まぐろサーモン4),ミャオレトルト,レトルト,お試し
23000114,【お試し】ミャオレトルト_1種(かつおサーモン4),ミャオレトルト,レトルト,お試し
23000115,【お試し】ミャオレトルト_1種(チキンサーモン4),ミャオレトルト,レトルト,お試し
23000116,【お試し】ミャオレトルト_1種(チキン4),ミャオレトルト,レトルト,お試し
23000117,ミャオレトルト_4種(まぐろサーモン4+かつおサーモン4+チキンサーモン4+チキン4),ミャオレトルト,レトルト,通販共通
23000118,ミャオレトルト_3種(まぐろサーモン6+かつおサーモン5+チキン5),ミャオレトルト,レトルト,通販共通
23000119,ミャオレトルト_3種(まぐろサーモン6+かつおサーモン5+チキンサーモン5),ミャオレトルト,レトルト,通販共通
23000120,ミャオレトルト_3種(まぐろサーモン6+チキンサーモン5+チキン5),ミャオレトルト,レトルト,通販共通
23000121,ミャオレトルト_3種(かつおサーモン6+チキンサーモン5+チキン5),ミャオレトルト,レトルト,通販共通
23000122,ミャオレトルト_2種(まぐろサーモン8+かつおサーモン8),ミャオレトルト,レトルト,通販共通
23000123,ミャオレトルト_2種(まぐろサーモン8+チキン8),ミャオレトルト,レトルト,通販共通
23000124,ミャオレトルト_2種(まぐろサーモン8+チキンサーモン8),ミャオレトルト,レトルト,通販共通
23000125,ミャオレトルト_2種(かつおサーモン8+チキン8),ミャオレトルト,レトルト,通販共通
23000126,ミャオレトルト_2種(かつおサーモン8+チキンサーモン8),ミャオレトルト,レトルト,通販共通
23000127,ミャオレトルト_2種(チキンサーモン8+チキン8),ミャオレトルト,レトルト,通販共通
23000128,ミャオレトルト_1種(まぐろサーモン16),ミャオレトルト,レトルト,通販共通
23000129,ミャオレトルト_1種(かつおサーモン16),ミャオレトルト,レトルト,通販共通
23000130,ミャオレトルト_1種(チキンサーモン16),ミャオレトルト,レトルト,通販共通
23000131,ミャオレトルト_1種(チキン16),ミャオレトルト,レトルト,通販共通
23000132,【モール】ミャオ_4種(まぐろサーモン1+かつおサーモン1+チキンサーモン1+チキン1),ミャオグルメ,冷凍,モール
23000133,【モール】ミャオ_1種(まぐろサーモン4),ミャオグルメ,冷凍,モール
23000134,【モール】ミャオ_1種(かつおサーモン4),ミャオグルメ,冷凍,モール
23000135,【モール】ミャオ_1種(チキンサーモン4),ミャオグルメ,冷凍,モール
23000136,【モール】ミャオ_1種(チキン4),ミャオグルメ,冷凍,モール
23000137,【モール】ミャオ_4種(まぐろサーモン4+かつおサーモン4+チキンサーモン4+チキン4),ミャオグルメ,冷凍,モール
23000138,【モール】ミャオ_1種(まぐろサーモン16),ミャオグルメ,冷凍,モール
23000139,【モール】ミャオ_1種(かつおサーモン16),ミャオグルメ,冷凍,モール
23000140,【モール】ミャオ_1種(チキンサーモン16),ミャオグルメ,冷凍,モール
23000141,【モール】ミャオ_1種(チキン16),ミャオグルメ,冷凍,モール
23000142,【FBA】ミャオレトルト_4種(まぐろサーモン1+かつおサーモン1+チキンサーモン1+チキン1),ミャオレトルト,レトルト,FBA
23000143,【FBA】ミャオレトルト_1種(まぐろサーモン4),ミャオレトルト,レトルト,FBA
23000144,【FBA】ミャオレトルト_1種(かつおサーモン4),ミャオレトルト,レトルト,FBA
23000145,【FBA】ミャオレトルト_1種(チキンサーモン4),ミャオレトルト,レトルト,FBA
23000146,【FBA】ミャオレトルト_1種(チキン4),ミャオレトルト,レトルト,FBA
23000147,【FBA】ミャオレトルト_4種(まぐろサーモン4+かつおサーモン4+チキンサーモン4+チキン4),ミャオレトルト,レトルト,FBA
23000148,【FBA】ミャオレトルト_1種(まぐろサーモン16),ミャオレトルト,レトルト,FBA
23000149,【FBA】ミャオレトルト_1種(かつおサーモン16),ミャオレトルト,レトルト,FBA
23000150,【FBA】ミャオレトルト_1種(チキンサーモン16),ミャオレトルト,レトルト,FBA
23000151,【FBA】ミャオレトルト_1種(チキン16),ミャオレトルト,レトルト,FBA
23000152,【モール】ミャオレトルト_4種(まぐろサーモン1+かつおサーモン1+チキンサーモン1+チキン1),ミャオレトルト,レトルト,モール
23000153,【モール】ミャオレトルト_1種(まぐろサーモン4),ミャオレトルト,レトルト,モール
23000154,【モール】ミャオレトルト_1種(かつおサーモン4),ミャオレトルト,レトルト,モール
23000155,【モール】ミャオレトルト_1種(チキンサーモン4),ミャオレトルト,レトルト,モール
23000156,【モール】ミャオレトルト_1種(チキン4),ミャオレトルト,レトルト,モール
23000157,【モール】ミャオレトルト_4種(まぐろサーモン4+かつおサーモン4+チキンサーモン4+チキン4),ミャオレトルト,レトルト,モール
23000158,【モール】ミャオレトルト_1種(まぐろサーモン16),ミャオレトルト,レトルト,モール
23000159,【モール】ミャオレトルト_1種(かつおサーモン16),ミャオレトルト,レトルト,モール
23000160,【モール】ミャオレトルト_1種(チキンサーモン16),ミャオレトルト,レトルト,モール
23000161,【モール】ミャオレトルト_1種(チキン16),ミャオレトルト,レトルト,モール
23000162,まぐろ&タラ(うまみUP・ペースト):6袋,ミャオグルメ,冷凍,通販共通
23000163,まぐろ&タラ(うまみUP・粒):6袋,ミャオグルメ,冷凍,通販共通
23000164,かつお&サーモン(ナチュラル・粒):6袋,ミャオグルメ,冷凍,通販共通
23000165,にゃっち_オリジナルおやつ缶,販促品,ノベルティ,グッズ
23000166,とりささみ(うまみUP・粒):6袋,ミャオグルメ,冷凍,通販共通
23000167,ささみ&まぐろ(うまみUP・粒):6袋,ミャオグルメ,冷凍,通販共通
23000168,とりささみ(ナチュラル・粒):6袋,ミャオグルメ,冷凍,通販共通
23000169,まぐろ＆タラNatural粒:6袋,ミャオグルメ,冷凍,通販共通
23000170,かつお&サーモン(うまみUP・粒):6袋,ミャオグルメ,冷凍,通販共通
51000046,レトルト_チキン100g 1袋(冷凍同梱用),ココレトルト,冷凍,施策用
51000047,レトルト_ポーク100g 1袋(冷凍同梱用),ココレトルト,冷凍,施策用
51000048,レトルト_フィッシュ100g 1袋(冷凍同梱用),ココレトルト,冷凍,施策用
51000049,レトルト_ジビエ100g 1袋(冷凍同梱用),ココレトルト,冷凍,施策用
61000001,【お試し】お試しBOX(チキン1+ポーク1+フィッシュ1＋ジビエ1),ココグルメ,冷凍,お試し
61000002,【お試し】お試しBOX(チキン4袋),ココグルメ,冷凍,お試し
61000003,【お試し】お試しBOX(ポーク4袋),ココグルメ,冷凍,お試し
61000004,【お試し】お試しBOX(フィッシュ4袋),ココグルメ,冷凍,お試し
61000005,【お試し】お試しBOX(ジビエ4袋),ココグルメ,冷凍,お試し
61000006,バラエティ(チキン2+ポーク2+フィッシュ2+ジビエ2),ココグルメ,冷凍,通販共通
61000007,単品(チキン8袋),ココグルメ,冷凍,通販共通
61000008,単品(ポーク8袋),ココグルメ,冷凍,通販共通
61000009,単品(フィッシュ8袋),ココグルメ,冷凍,通販共通
61000010,単品(ジビエ8袋),ココグルメ,冷凍,通販共通
61000011,バラエティ(チキン4+ポーク4+フィッシュ4+ジビエ4),ココグルメ,冷凍,通販共通
61000012,単品(チキン16袋),ココグルメ,冷凍,通販共通
61000013,単品(ポーク16袋),ココグルメ,冷凍,通販共通
61000014,単品(フィッシュ16袋),ココグルメ,冷凍,通販共通
61000015,単品(ジビエ16袋),ココグルメ,冷凍,通販共通
61000016,バラエティ(チキン8+ポーク8),ココグルメ,冷凍,通販共通
61000017,バラエティ(チキン8+フィッシュ8),ココグルメ,冷凍,通販共通
61000018,バラエティ(チキン8+ジビエ8),ココグルメ,冷凍,通販共通
61000019,バラエティ(ポーク8+フィッシュ8),ココグルメ,冷凍,通販共通
61000020,バラエティ(ポーク8+ジビエ8),ココグルメ,冷凍,通販共通
61000021,バラエティ(フィッシュ8+ジビエ8),ココグルメ,冷凍,通販共通
61000022,バラエティ(チキン6+ポーク5+フィッシュ5),ココグルメ,冷凍,通販共通
61000023,バラエティ(チキン6+ポーク5+ジビエ5),ココグルメ,冷凍,通販共通
61000024,バラエティ(チキン6+フィッシュ5+ジビエ5),ココグルメ,冷凍,通販共通
61000025,バラエティ(ポーク6+フィッシュ5+ジビエ5),ココグルメ,冷凍,通販共通
61000026,バラエティ(チキン3+ポーク3+フィッシュ3+ジビエ3),ココグルメ,冷凍,通販共通
61000027,単品(チキン12袋),ココグルメ,冷凍,通販共通
61000028,単品(ポーク12袋),ココグルメ,冷凍,通販共通
61000029,単品(フィッシュ12袋),ココグルメ,冷凍,通販共通
61000030,単品(ジビエ12袋),ココグルメ,冷凍,通販共通
61000031,バラエティ(チキン6+ポーク6),ココグルメ,冷凍,通販共通
61000032,バラエティ(チキン6+フィッシュ6),ココグルメ,冷凍,通販共通
61000033,バラエティ(チキン6+ジビエ6),ココグルメ,冷凍,通販共通
61000034,バラエティ(ポーク6+フィッシュ6),ココグルメ,冷凍,通販共通
61000035,バラエティ(ポーク6+ジビエ6),ココグルメ,冷凍,通販共通
61000036,バラエティ(フィッシュ6+ジビエ6),ココグルメ,冷凍,通販共通
61000037,バラエティ(チキン4+ポーク4+フィッシュ4),ココグルメ,冷凍,通販共通
61000038,バラエティ(チキン4+ポーク4+ジビエ4),ココグルメ,冷凍,通販共通
61000039,バラエティ(チキン4+フィッシュ4+ジビエ4),ココグルメ,冷凍,通販共通
61000040,バラエティ(ポーク4+フィッシュ4+ジビエ4),ココグルメ,冷凍,通販共通
61000041,チキン1袋(サンプル・イベント出荷用),ココグルメ,冷凍,イベント用
61000042,ポーク1袋(サンプル・イベント出荷用),ココグルメ,冷凍,イベント用
61000043,フィッシュ1袋(サンプル・イベント出荷用),ココグルメ,冷凍,イベント用
61000044,ジビエ1袋(サンプル・イベント出荷用),ココグルメ,冷凍,イベント用
61000049,【お試し】モールお試しセット(チキン2),ココグルメ,冷凍,モール
61000050,【お試し】モールお試しセット(ポーク2),ココグルメ,冷凍,モール
61000051,【お試し】モールお試しセット(フィッシュ2),ココグルメ,冷凍,モール
61000052,【お試し】モールお試しセット(ジビエ2),ココグルメ,冷凍,モール
61000053,ケア_早期腎臓サポート(16袋),ココケア,冷凍,通販共通
61000054,ケア_消化器サポート(16袋),ココケア,冷凍,通販共通
61000055,ケア_スキンケア(16袋),ココケア,冷凍,通販共通
61000056,ケア_早期腎臓サポート(12袋),ココケア,冷凍,通販共通
61000057,ケア_消化器サポート(12袋),ココケア,冷凍,通販共通
61000058,ケア_スキンケア(12袋),ココケア,冷凍,通販共通
61000059,【お試し】ケア_早期腎臓サポートお試しセット(2袋),ココケア,冷凍,お試し
61000060,【お試し】ケア_消化器サポートお試しセット(2袋),ココケア,冷凍,お試し
61000061,【お試し】ケア_スキンケアお試しセット(2袋),ココケア,冷凍,お試し
61000066,【お試し】【楽天】お試しBOXバラエティ4袋(チキン1+ポーク1+フィッシュ1+ジビエ1),ココグルメ,冷凍,モール
61000067,【お試し】【楽天】お試しBOX(チキン4袋),ココグルメ,冷凍,モール
61000068,【お試し】【楽天】お試しBOX(ポーク4袋),ココグルメ,冷凍,モール
61000069,【お試し】【楽天】お試しBOX(フィッシュ4袋),ココグルメ,冷凍,モール
61000070,【お試し】【楽天】お試しBOX(ジビエ4袋),ココグルメ,冷凍,モール
61000071,【モール】ホリデーセット2024_チキン,ココグルメ,冷凍,期間限定
61000080,ココ_チキン＆さわら100g(2袋),ココグルメ,冷凍,期間限定
61000081,ココ_チキン＆さわら100g(1袋),ココグルメ,冷凍,期間限定
61000082,チキン＆さわら 16袋セット,ココグルメ,冷凍,通販共通
61000083,チキン＆さわら 4袋セット,ココグルメ,冷凍,通販共通
61000084,フリーズドライ納豆 8袋セット,フリーズドライ,レトルト,通販共通
61000085,フリーズドライ納豆 1袋おまけ,フリーズドライ,冷凍,施策用
61000086,ココ_ビーフ＆スイートポテト(2袋)(冷凍同梱用),ココグルメ,冷凍,期間限定
61000087,ココ_ビーフ＆スイートポテト 16袋セット,ココグルメ,冷凍,期間限定
61000088,ココ_ビーフ＆スイートポテト 4袋セット,ココグルメ,冷凍,期間限定
61000089,ココグルメ×im donut 限定コラボドーナツ 6個セット,ココグルメ,冷凍,期間限定
61000090,ココグルメ X'mas BOX 2025(ビーフ),ココグルメ,冷凍,期間限定
61000091,ココグルメ X'mas BOX 2025(チキン),ココグルメ,冷凍,期間限定
61000092,ココグルメ X'mas BOX 2025(ポーク),ココグルメ,冷凍,期間限定
61000093,ココグルメ X'mas BOX 2025(フィッシュ),ココグルメ,冷凍,期間限定
61000094,ココグルメ X'mas BOX 2025(ジビエ),ココグルメ,冷凍,期間限定
61000095,ココグルメ150g・チキン8袋,ココグルメ,冷凍,コストコ用
61000096,ココグルメ X'mas BOX 2025(ケーキ単品),ココグルメ,冷凍,期間限定
62000012,プチ・バラエティ4種(チキン2+ポーク2+フィッシュ1+ジビエ1),ココプチ,冷凍,通販共通
62000013,プチ・チキン単品(チキン6袋),ココプチ,冷凍,通販共通
62000014,プチ・ポーク単品(ポーク6袋),ココプチ,冷凍,通販共通
62000015,プチ・フィッシュ単品(フィッシュ6袋),ココプチ,冷凍,通販共通
62000016,プチ・ジビエ単品(ジビエ6袋),ココプチ,冷凍,通販共通
62000017,プチ・バラエティ2種(チキン3+ポーク3),ココプチ,冷凍,通販共通
62000018,プチ・バラエティ2種(チキン3+フィッシュ3),ココプチ,冷凍,通販共通
62000019,プチ・バラエティ2種(チキン3+ジビエ3),ココプチ,冷凍,通販共通
62000020,プチ・バラエティ2種(ポーク3+フィッシュ3),ココプチ,冷凍,通販共通
62000021,プチ・バラエティ2種(ポーク3+ジビエ3),ココプチ,冷凍,通販共通
62000022,プチ・バラエティ2種(フィッシュ3+ジビエ3),ココプチ,冷凍,通販共通
62000023,プチ・バラエティ3種(チキン2+ポーク2+フィッシュ2),ココプチ,冷凍,通販共通
62000024,プチ・バラエティ3種(チキン2+ポーク2+ジビエ2),ココプチ,冷凍,通販共通
62000025,プチ・バラエティ3種(チキン2+フィッシュ2+ジビエ2),ココプチ,冷凍,通販共通
62000026,プチ・バラエティ3種(ポーク2+フィッシュ2+ジビエ2),ココプチ,冷凍,通販共通
62000027,【モール】プチ・チキン(チキン6),ココプチ,冷凍,モール
62000028,【モール】プチ・ポーク(ポーク6),ココプチ,冷凍,モール
62000029,【モール】プチ・フィッシュ(フィッシュ6),ココプチ,冷凍,モール
62000030,【モール】プチ・ジビエ(ジビエ6),ココプチ,冷凍,モール
62000031,【モール】プチ・バラエティ2種(チキン3+ポーク3),ココプチ,冷凍,モール
62000032,【モール】プチ・バラエティ2種(チキン3+フィッシュ3),ココプチ,冷凍,モール
62000033,【モール】プチ・バラエティ2種(チキン3+ジビエ3),ココプチ,冷凍,モール
62000034,【モール】プチ・バラエティ2種(ポーク3+フィッシュ3),ココプチ,冷凍,モール
62000035,【モール】プチ・バラエティ2種(ポーク3+ジビエ3),ココプチ,冷凍,モール
62000036,【モール】プチ・バラエティ2種(フィッシュ3+ジビエ3),ココプチ,冷凍,モール
62000037,【モール】プチ・バラエティ3種(チキン2+ポーク2+フィッシュ2),ココプチ,冷凍,モール
62000038,【モール】プチ・バラエティ3種(チキン2+ポーク2+ジビエ2),ココプチ,冷凍,モール
62000039,【モール】プチ・バラエティ3種(チキン2+フィッシュ2+ジビエ2),ココプチ,冷凍,モール
62000040,【モール】プチ・バラエティ3種(ポーク2+フィッシュ2+ジビエ2),ココプチ,冷凍,モール
62000041,【モール】プチ・バラエティ4種(チキン1+ポーク1+フィッシュ2+ジビエ2),ココプチ,冷凍,モール
62000042,【FBA】レトルト50g・フィッシュ1袋＋ジビエ1袋,ココレトルト,レトルト,FBA
62000043,【FBA】レトルト50g・フィッシュ2袋,ココレトルト,レトルト,FBA
62000044,【FBA】レトルト50g・ジビエ2袋,ココレトルト,レトルト,FBA
62000045,【FBA】レトルト50g・バラエティ4袋(チキン1袋＋ポーク1袋＋フィッシュ1袋+ジビエ1袋),ココレトルト,レトルト,FBA
62000046,【FBA】レトルト50g・チキン4袋,ココレトルト,レトルト,FBA
62000047,【FBA】レトルト50g・ポーク4袋,ココレトルト,レトルト,FBA
62000048,【FBA】レトルト50g・フィッシュ4袋,ココレトルト,レトルト,FBA
62000049,【FBA】レトルト50g・ジビエ4袋,ココレトルト,レトルト,FBA
62000050,【FBA】レトルト50g・バラエティ12袋(チキン3袋＋ポーク3袋＋フィッシュ3袋+ジビエ3袋),ココレトルト,レトルト,FBA
62000051,【FBA】レトルト50g・フィッシュ12袋,ココレトルト,レトルト,FBA
62000052,【FBA】レトルト50g・ジビエ12袋,ココレトルト,レトルト,FBA
62000053,【モール】レトルト50g・チキン1袋＋ポーク1袋,ココレトルト,レトルト,モール
62000054,【モール】レトルト50g・フィッシュ1袋＋ジビエ1袋,ココレトルト,レトルト,モール
62000055,【モール】レトルト50g・チキン2袋,ココレトルト,レトルト,モール
62000056,【モール】レトルト50g・ポーク2袋,ココレトルト,レトルト,モール
62000057,【モール】レトルト50g・フィッシュ2袋,ココレトルト,レトルト,モール
62000058,【モール】レトルト50g・ジビエ2袋,ココレトルト,レトルト,モール
62000059,【モール】レトルト50g・バラエティ4袋(チキン1袋＋ポーク1袋＋フィッシュ1袋+ジビエ1袋),ココレトルト,レトルト,モール
62000060,【モール】レトルト50g・チキン4袋,ココレトルト,レトルト,モール
62000061,【モール】レトルト50g・ポーク4袋,ココレトルト,レトルト,モール
62000062,【モール】レトルト50g・フィッシュ4袋,ココレトルト,レトルト,モール
62000063,【モール】レトルト50g・ジビエ4袋,ココレトルト,レトルト,モール
62000064,【モール】レトルト50g・バラエティ12袋(チキン3袋＋ポーク3袋＋フィッシュ3袋+ジビエ3袋),ココレトルト,レトルト,モール
62000065,【モール】レトルト50g・フィッシュ12袋,ココレトルト,レトルト,モール
62000066,【モール】レトルト50g・ジビエ12袋,ココレトルト,レトルト,モール
62000067,【モール】レトルト50g・チキン12袋,ココレトルト,レトルト,モール
62000068,【モール】レトルト50g・ポーク12袋,ココレトルト,レトルト,モール
62000069,【モール】レトルト50g・バラエティ12袋(チキン6袋＋ポーク6袋),ココレトルト,レトルト,モール
62000070,【お試し】【モール】ココグルメ100g・チキン2袋,ココグルメ,冷凍,モール
62000071,【お試し】【モール】ココグルメ100g・ポーク2袋,ココグルメ,冷凍,モール
62000072,【お試し】【モール】ココグルメ100g・フィッシュ2袋,ココグルメ,冷凍,モール
62000073,【お試し】【モール】ココグルメ100g・ジビエ2袋,ココグルメ,冷凍,モール
62000074,【お試し】【モール】ココグルメ100g・バラエティ4袋(チキン1袋＋ポーク1袋＋フィッシュ1袋＋ジビエ1袋),ココグルメ,冷凍,モール
62000075,【お試し】【モール】ココグルメ100g・チキン4袋,ココグルメ,冷凍,モール
62000076,【お試し】【モール】ココグルメ100g・ポーク4袋,ココグルメ,冷凍,モール
62000077,【お試し】【モール】ココグルメ100g・フィッシュ4袋,ココグルメ,冷凍,モール
62000078,【お試し】【モール】ココグルメ100g・ジビエ4袋,ココグルメ,冷凍,モール
62000079,【モール】ココグルメ100g・バラエティ8袋(チキン2袋＋ポーク2袋＋フィッシュ2袋＋ジビエ2袋),ココグルメ,冷凍,モール
62000080,【モール】ココグルメ100g・チキン8袋,ココグルメ,冷凍,モール
62000081,【モール】ココグルメ100g・ポーク8袋,ココグルメ,冷凍,モール
62000082,【モール】ココグルメ100g・フィッシュ8袋,ココグルメ,冷凍,モール
62000083,【モール】ココグルメ100g・ジビエ8袋,ココグルメ,冷凍,モール
62000084,【モール】ココグルメ100g・バラエティ12袋(チキン3袋＋ポーク3袋＋フィッシュ3袋＋ジビエ3袋),ココグルメ,冷凍,モール
62000085,【モール】ココグルメ100g・チキン12袋,ココグルメ,冷凍,モール
62000086,【モール】ココグルメ100g・ポーク12袋,ココグルメ,冷凍,モール
62000087,【モール】ココグルメ100g・フィッシュ12袋,ココグルメ,冷凍,モール
62000088,【モール】ココグルメ100g・ジビエ12袋,ココグルメ,冷凍,モール
62000089,【モール】ココグルメ100g・バラエティ12袋(チキン6袋+ポーク6袋),ココグルメ,冷凍,モール
62000090,【モール】ココグルメ100g・バラエティ12袋(チキン6袋+フィッシュ6袋),ココグルメ,冷凍,モール
62000091,【モール】ココグルメ100g・バラエティ12袋(チキン6袋+ジビエ6袋),ココグルメ,冷凍,モール
62000092,【モール】ココグルメ100g・バラエティ12袋(ポーク6袋+フィッシュ6袋),ココグルメ,冷凍,モール
62000093,【モール】ココグルメ100g・バラエティ12袋(ポーク6袋+ジビエ6袋),ココグルメ,冷凍,モール
62000094,【モール】ココグルメ100g・バラエティ12袋(フィッシュ6袋+ジビエ6袋),ココグルメ,冷凍,モール
62000095,【モール】ココグルメ100g・バラエティ12袋(チキン4袋＋ポーク4袋＋フィッシュ4袋),ココグルメ,冷凍,モール
62000096,【モール】ココグルメ100g・バラエティ12袋(チキン4袋＋ポーク4袋＋ジビエ4袋),ココグルメ,冷凍,モール
62000097,【モール】ココグルメ100g・バラエティ12袋(ポーク4袋＋フィッシュ4袋＋ジビエ4袋),ココグルメ,冷凍,モール
62000098,【モール】ココグルメ100g・バラエティ16袋(チキン4袋＋ポーク4袋＋フィッシュ4袋＋ジビエ4袋),ココグルメ,冷凍,モール
62000099,【モール】ココグルメ100g・チキン16袋,ココグルメ,冷凍,モール
62000100,【モール】ココグルメ100g・ポーク16袋,ココグルメ,冷凍,モール
62000101,【モール】ココグルメ100g・フィッシュ16袋,ココグルメ,冷凍,モール
62000102,【モール】ココグルメ100g・ジビエ16袋,ココグルメ,冷凍,モール
62000103,【モール】ココグルメ100g・バラエティ16袋(チキン8袋+ポーク8袋),ココグルメ,冷凍,モール
62000104,【モール】ココグルメ100g・バラエティ16袋(チキン8袋+フィッシュ8袋),ココグルメ,冷凍,モール
62000105,【モール】ココグルメ100g・バラエティ16袋(チキン8袋+ジビエ8袋),ココグルメ,冷凍,モール
62000106,【モール】ココグルメ100g・バラエティ16袋(ポーク8袋+フィッシュ8袋),ココグルメ,冷凍,モール
62000107,【モール】ココグルメ100g・バラエティ16袋(ポーク8袋+ジビエ8袋),ココグルメ,冷凍,モール
62000108,【モール】ココグルメ100g・バラエティ16袋(フィッシュ8袋+ジビエ8袋),ココグルメ,冷凍,モール
62000109,【モール】ココグルメ100g・バラエティ16袋(チキン6袋＋ポーク5袋＋フィッシュ5袋),ココグルメ,冷凍,モール
62000110,【モール】ココグルメ100g・バラエティ16袋(チキン6袋＋ポーク5袋＋ジビエ5袋),ココグルメ,冷凍,モール
62000111,【モール】ココグルメ100g・バラエティ16袋(チキン6袋＋フィッシュ5袋＋ジビエ5袋),ココグルメ,冷凍,モール
62000112,【モール】ココグルメ100g・バラエティ16袋(ポーク6袋＋フィッシュ5袋＋ジビエ5袋),ココグルメ,冷凍,モール
62000113,【お試し】【モール】ケア100g・腎臓2袋,ココケア,冷凍,モール
62000114,【お試し】【モール】ケア100g・消化器2袋,ココケア,冷凍,モール
62000115,【お試し】【モール】ケア100g・スキンケア2袋,ココケア,冷凍,モール
62000116,【モール】ケア100g・腎臓12袋,ココケア,冷凍,モール
62000117,【モール】ケア100g・消化器12袋,ココケア,冷凍,モール
62000118,【モール】ケア100g・スキンケア12袋,ココケア,冷凍,モール
62000119,【モール】ケア100g・腎臓16袋,ココケア,冷凍,モール
62000120,【モール】ケア100g・消化器16袋,ココケア,冷凍,モール
62000121,【モール】ケア100g・スキンケア16袋,ココケア,冷凍,モール
62000122,【モール】ココグルメ100g・バラエティ12袋(チキン4袋＋フィッシュ4袋＋ジビエ4袋),ココグルメ,冷凍,モール
62000123,【FBA】レトルト50g・フィッシュ2袋,ココレトルト,レトルト,FBA
62000124,【FBA】レトルト50g・ポーク4袋,ココレトルト,レトルト,FBA
62000125,【モール】鹿皮ガム94g,ココスナック,レトルト,モール
62000126,プチ・単品（ジビエ10袋）,ココプチ,冷凍,セール品
62000127,プチ・単品（フィッシュ10袋）,ココプチ,冷凍,セール品
62000128,プチ・バラエティ(フィッシュ5+ジビエ5),ココプチ,冷凍,セール品
63000007,レトルト100g・バラエティ8袋(チキン4+ポーク4),ココレトルト,レトルト,通販共通
63000008,レトルト50g・バラエティ12袋(チキン6+ポーク6),ココレトルト,レトルト,通販共通
63000009,【お試し】レトルト50g・バラエティ4袋(チキン2+ポーク2),ココレトルト,レトルト,通販共通
63000010,レトルト100g・チキン8袋,ココレトルト,レトルト,通販共通
63000011,レトルト50g・チキン12袋,ココレトルト,レトルト,通販共通
63000012,【お試し】レトルト50g・チキン4袋,ココレトルト,レトルト,通販共通
63000013,レトルト100g・ポーク8袋,ココレトルト,レトルト,通販共通
63000014,レトルト50g・ポーク12袋,ココレトルト,レトルト,通販共通
63000015,【お試し】レトルト50g・ポーク4袋,ココレトルト,レトルト,通販共通
63000016,【お試し】レトルト50gお試し・バラエティ4袋(チキン2+ポーク2),ココレトルト,レトルト,お試し
63000017,【お試し】レトルト50gお試し・チキン4袋,ココレトルト,レトルト,お試し
63000018,【お試し】レトルト50gお試し・ポーク4袋,ココレトルト,レトルト,お試し
63000019,レトルト100g・チキン1袋,ココレトルト,レトルト,販売外出荷
63000020,レトルト100g・ポーク1袋,ココレトルト,レトルト,販売外出荷
63000021,レトルト50g・チキン1袋,ココレトルト,レトルト,販売外出荷
63000022,レトルト50g・ポーク1袋,ココレトルト,レトルト,販売外出荷
63000023,【FBA】レトルト50g・チキン12袋,ココレトルト,レトルト,FBA
63000024,【FBA】レトルト50g・ポーク12袋,ココレトルト,レトルト,FBA
63000025,【FBA】レトルト50g・チキン6袋＋ポーク6袋,ココレトルト,レトルト,FBA
63000026,【香港】レトルト100g・チキン4袋,ココレトルト,レトルト,海外販売
63000027,【香港】レトルト100g・ポーク4袋,ココレトルト,レトルト,海外販売
63000028,【香港】レトルト100g・チキン2袋＋ポーク2袋,ココレトルト,レトルト,海外販売
63000030,【お試し】【FBA】レトルト50g・チキン2袋,ココレトルト,レトルト,FBA
63000031,【お試し】【FBA】レトルト50g・ポーク2袋,ココレトルト,レトルト,FBA
63000032,【お試し】【FBA】レトルト50g・チキン1袋＋ポーク1袋,ココレトルト,レトルト,FBA
63000046,レトルト100g・バラエティ8袋(チキン2+ポーク2+フィッシュ2+ジビエ2),ココレトルト,レトルト,通販共通
63000047,レトルト50g・バラエティ12袋(チキン3+ポーク3+フィッシュ3+ジビエ3),ココレトルト,レトルト,通販共通
63000048,レトルト100g・バラエティ8袋(チキン3+ポーク3+フィッシュ2),ココレトルト,レトルト,通販共通
63000049,レトルト50g・バラエティ12袋(チキン4+ポーク4+フィッシュ4),ココレトルト,レトルト,通販共通
63000050,レトルト100g・バラエティ8袋(チキン3+ポーク3+ジビエ2),ココレトルト,レトルト,通販共通
63000051,レトルト50g・バラエティ12袋(チキン4+ポーク4+ジビエ4),ココレトルト,レトルト,通販共通
63000052,レトルト100g・バラエティ8袋(ポーク3+フィッシュ2+ジビエ3),ココレトルト,レトルト,通販共通
63000053,レトルト50g・バラエティ12袋(ポーク4+フィッシュ4+ジビエ4),ココレトルト,レトルト,通販共通
63000054,レトルト100g・バラエティ8袋(チキン3+フィッシュ2+ジビエ3),ココレトルト,レトルト,通販共通
63000055,レトルト50g・バラエティ12袋(チキン4+フィッシュ4+ジビエ4),ココレトルト,レトルト,通販共通
63000056,レトルト100g・バラエティ8袋(ポーク4+フィッシュ4),ココレトルト,レトルト,通販共通
63000057,レトルト50g・バラエティ12袋(ポーク6+フィッシュ6),ココレトルト,レトルト,通販共通
63000058,レトルト100g・バラエティ8袋(フィッシュ4+ジビエ4),ココレトルト,レトルト,通販共通
63000059,レトルト50g・バラエティ12袋(フィッシュ6+ジビエ6),ココレトルト,レトルト,通販共通
63000060,レトルト100g・バラエティ8袋(チキン4+ジビエ4),ココレトルト,レトルト,通販共通
63000061,レトルト50g・バラエティ12袋(チキン6+ジビエ6),ココレトルト,レトルト,通販共通
63000062,レトルト100g・バラエティ8袋(チキン4+フィッシュ4),ココレトルト,レトルト,通販共通
63000063,レトルト50g・バラエティ12袋(チキン6+フィッシュ6),ココレトルト,レトルト,通販共通
63000064,レトルト100g・バラエティ8袋(ポーク4+ジビエ4),ココレトルト,レトルト,通販共通
63000065,レトルト50g・バラエティ12袋(ポーク6+ジビエ6),ココレトルト,レトルト,通販共通
63000066,レトルト100g・フィッシュ8袋,ココレトルト,レトルト,通販共通
63000067,レトルト50g・フィッシュ12袋,ココレトルト,レトルト,通販共通
63000068,レトルト100g・ジビエ8袋,ココレトルト,レトルト,通販共通
63000069,レトルト50g・ジビエ12袋,ココレトルト,レトルト,通販共通
63000070,【お試し】レトルト50g・お試しバラエティ4袋(チキン1+ポーク1+フィッシュ1+ジビエ1),ココレトルト,レトルト,お試し
63000071,【お試し】レトルト50g・お試しチキン4袋,ココレトルト,レトルト,お試し
63000072,【お試し】レトルト50g・お試しポーク4袋,ココレトルト,レトルト,お試し
63000073,【お試し】レトルト50g・お試しフィッシュ4袋,ココレトルト,レトルト,お試し
63000074,【お試し】レトルト50g・お試しジビエ4袋,ココレトルト,レトルト,お試し
63000075,【香港】レトルト100g・バラエティ12袋(チキン6+ポーク6),ココレトルト,レトルト,海外販売
63000076,【香港】レトルト100g・バラエティ12袋(チキン12),ココレトルト,レトルト,海外販売
63000077,【香港】レトルト100g・バラエティ12袋(ポーク12),ココレトルト,レトルト,海外販売
63000078,レトルト150g・チキン12袋,ココレトルト,レトルト,コストコ用
63000079,【香港】フリーズドライ納豆 8袋セット,フリーズドライ,レトルト,海外用
63000080,【FBA】レトルト100g・チキン2袋,ココレトルト,レトルト,FBA
63000081,【FBA】レトルト100g・ポーク2袋,ココレトルト,レトルト,FBA
63000082,【FBA】レトルト100g・チキン1袋＋ポーク1袋,ココレトルト,レトルト,FBA
63000083,【FBA】レトルト100g・バラエティ4袋(チキン1袋＋ポーク1袋＋フィッシュ1袋+ジビエ1袋),ココレトルト,レトルト,FBA
63000084,【FBA】レトルト100g・チキン6袋＋ポーク6袋,ココレトルト,レトルト,FBA
63000085,【FBA】レトルト100g・バラエティ12袋(チキン3袋＋ポーク3袋＋フィッシュ3袋+ジビエ3袋),ココレトルト,レトルト,FBA
63000086,レトルト150g・チキン8袋,ココレトルト,レトルト,コストコ用
63000096,レトルト50g(チキン2袋）,コココレトルト,レトルト,特典配布
64000005,【お試し】鹿皮ガム94g,ココスナック,レトルト,通販共通
64000007,6th_限定セット,ココレトルト,レトルト,期間限定
64000008,6th_限定セット(おもちゃチキンver.),ココレトルト,レトルト,期間限定
65000002,【お試し】ココグルメ・ドライ　チキン＆フィッシュ 100g,ココドライ,レトルト,お試し
65000003,ココグルメ・ドライ　チキン＆フィッシュ 100g（冷凍同梱用）,ココドライ,冷凍,施策用
65000004,国産野菜のフリーズドライ 1袋,フリーズドライ,レトルト,通販共通
65000005,国産野菜のフリーズドライ 10袋セット,フリーズドライ,レトルト,通販共通
65000006,ココグルメ・ドライ　チキン＆フィッシュ(2袋),ココドライ,レトルト,通販共通
65000007,【モール】【お試し】ココグルメ・ドライ　チキン＆フィッシュ 100g,ココドライ,レトルト,モール
65000008,【モール】ココグルメ・ドライ　チキン＆フィッシュ(1袋),ココドライ,レトルト,モール
65000009,【モール】ココグルメ・ドライ　チキン＆フィッシュ(2袋),ココドライ,レトルト,モール
65000010,【モール】ココグルメ・ドライ　チキン＆フィッシュ(4袋),ココドライ,レトルト,モール
65000011,【モール】【お試し】ココグルメ・ドライ　チキン＆フィッシュ100g(1袋)＋野菜FD(1袋),ココドライ,レトルト,モール
65000012,【モール】ココグルメ・ドライ　チキン＆フィッシュ(2袋)+野菜FD(4袋),ココドライ,レトルト,モール
65000013,【モール】ココグルメ・ドライ　チキン＆フィッシュ(4袋)+野菜FD(8袋),ココドライ,レトルト,モール
65000014,【お試し】ココグルメ・ドライ　チキン＆フィッシュ100g(1袋)＋野菜FD(1袋),ココドライ,レトルト,お試し
65000015,ココグルメ・ドライ　チキン＆フィッシュ(2袋)+野菜FD(4袋),ココドライ,レトルト,通販共通
65000016,【FBA】【お試し】ココグルメ・ドライ　チキン＆フィッシュ 100g,ココドライ,レトルト,FBA
65000017,【FBA】ココグルメ・ドライ　チキン＆フィッシュ(1袋),ココドライ,レトルト,FBA
65000018,【FBA】ココグルメ・ドライ　チキン＆フィッシュ(2袋),ココドライ,レトルト,FBA
65000019,【FBA】ココグルメ・ドライ　チキン＆フィッシュ(4袋),ココドライ,レトルト,FBA
65000020,【FBA】【お試し】ココグルメ・ドライ　チキン＆フィッシュ100g(1袋)＋野菜FD(1袋),ココドライ,レトルト,FBA
65000021,【FBA】ココグルメ・ドライ　チキン＆フィッシュ(2袋)+野菜FD(4袋),ココドライ,レトルト,FBA
65000022,【FBA】ココグルメ・ドライ　チキン＆フィッシュ(4袋)+野菜FD(8袋),ココドライ,レトルト,FBA
65000023,【FBA】国産野菜のフリーズドライ 10袋セット,フリーズドライ,レトルト,FBA
65000024,ココグルメ・ドライ　チキン＆フィッシュ850g,ココドライ,レトルト,お試し
65000025,ココグルメ・ドライ　チキン＆フィッシュ850g＋野菜FD(2袋),ココドライ,レトルト,お試し
69230003,【特売セット】レトルト_まぐろ&タラ50g,ミャオレトルト,レトルト,特売セット
71000001,【代替品】お試しBOX(チキン1+ポーク1+フィッシュ1＋ジビエ1),ココグルメ,冷凍,代替品
71000002,【代替品】お試しBOX(チキン4袋),ココグルメ,冷凍,代替品
71000003,【代替品】お試しBOX(ポーク4袋),ココグルメ,冷凍,代替品
71000004,【代替品】お試しBOX(フィッシュ4袋),ココグルメ,冷凍,代替品
71000005,【代替品】お試しBOX(ジビエ4袋),ココグルメ,冷凍,代替品
71000006,【代替品】バラエティ(チキン2+ポーク2+フィッシュ2+ジビエ2),ココグルメ,冷凍,代替品
71000007,【代替品】単品(チキン8袋),ココグルメ,冷凍,代替品
71000008,【代替品】単品(ポーク8袋),ココグルメ,冷凍,代替品
71000009,【代替品】単品(フィッシュ8袋),ココグルメ,冷凍,代替品
71000010,【代替品】単品(ジビエ8袋),ココグルメ,冷凍,代替品
71000011,【代替品】バラエティ(チキン4+ポーク4+フィッシュ4+ジビエ4),ココグルメ,冷凍,代替品
71000012,【代替品】単品(チキン16袋),ココグルメ,冷凍,代替品
71000013,【代替品】単品(ポーク16袋),ココグルメ,冷凍,代替品
71000014,【代替品】単品(フィッシュ16袋),ココグルメ,冷凍,代替品
71000015,【代替品】単品(ジビエ16袋),ココグルメ,冷凍,代替品
71000016,【代替品】バラエティ(チキン8袋+ポーク8袋),ココグルメ,冷凍,代替品
71000017,【代替品】バラエティ(チキン8袋+フィッシュ8袋),ココグルメ,冷凍,代替品
71000018,【代替品】バラエティ(チキン8袋+ジビエ8袋),ココグルメ,冷凍,代替品
71000019,【代替品】バラエティ(ポーク8袋+フィッシュ8袋),ココグルメ,冷凍,代替品
71000020,【代替品】バラエティ(ポーク8袋+ジビエ8袋),ココグルメ,冷凍,代替品
71000021,【代替品】バラエティ(フィッシュ8袋+ジビエ8袋),ココグルメ,冷凍,代替品
71000022,【代替品】バラエティ(チキン6袋+ポーク5袋+フィッシュ5袋),ココグルメ,冷凍,代替品
71000023,【代替品】バラエティ(チキン6袋+ポーク5袋+ジビエ5袋),ココグルメ,冷凍,代替品
71000024,【代替品】バラエティ(チキン6袋+フィッシュ5袋+ジビエ5袋),ココグルメ,冷凍,代替品
71000025,【代替品】バラエティ(ポーク6袋+フィッシュ5袋+ジビエ5袋),ココグルメ,冷凍,代替品
71000026,【代替品】バラエティ(チキン3+ポーク3+フィッシュ3+ジビエ3),ココグルメ,冷凍,代替品
71000027,【代替品】単品(チキン12袋),ココグルメ,冷凍,代替品
71000028,【代替品】単品(ポーク12袋),ココグルメ,冷凍,代替品
71000029,【代替品】単品(フィッシュ12袋),ココグルメ,冷凍,代替品
71000030,【代替品】単品(ジビエ12袋),ココグルメ,冷凍,代替品
71000031,【代替品】バラエティ(チキン6袋+ポーク6袋),ココグルメ,冷凍,代替品
71000032,【代替品】バラエティ(チキン6袋+フィッシュ6袋),ココグルメ,冷凍,代替品
71000033,【代替品】バラエティ(チキン6袋+ジビエ6袋),ココグルメ,冷凍,代替品
71000034,【代替品】バラエティ(ポーク6袋+フィッシュ6袋),ココグルメ,冷凍,代替品
71000035,【代替品】バラエティ(ポーク6袋+ジビエ6袋),ココグルメ,冷凍,代替品
71000036,【代替品】バラエティ(フィッシュ6袋+ジビエ6袋),ココグルメ,冷凍,代替品
71000037,【代替品】バラエティ(チキン4袋+ポーク4袋+フィッシュ4袋),ココグルメ,冷凍,代替品
71000038,【代替品】バラエティ(チキン4袋+ポーク4袋+ジビエ4袋),ココグルメ,冷凍,代替品
71000039,【代替品】バラエティ(チキン4袋+フィッシュ4袋+ジビエ4袋),ココグルメ,冷凍,代替品
71000040,【代替品】バラエティ(ポーク4袋+フィッシュ4袋+ジビエ4袋),ココグルメ,冷凍,代替品
72000004,【代替品】プチ・単品(フィッシュ4袋),ココプチ,冷凍,代替品
72000005,【代替品】プチ・単品(ジビエ4袋),ココプチ,冷凍,代替品
72000011,【代替品】プチ・バラエティ(フィッシュ2袋+ジビエ2袋),ココプチ,冷凍,代替品
72000012,【代替品】RNプチ・バラエティ4種(チキン2+ポーク2+フィッシュ1+ジビエ1),ココプチ,冷凍,代替品
72000013,【代替品】RNプチ・チキン単品(チキン6袋),ココプチ,冷凍,代替品
72000014,【代替品】RNプチ・ポーク単品(ポーク6袋),ココプチ,冷凍,代替品
72000015,【代替品】RNプチ・フィッシュ単品(フィッシュ6袋),ココプチ,冷凍,代替品
72000016,【代替品】RNプチ・ジビエ(ジビエ6袋),ココプチ,冷凍,代替品
72000017,【代替品】RNプチ・バラエティ2種(チキン3袋+ポーク3袋),ココプチ,冷凍,代替品
72000018,【代替品】RNプチ・バラエティ2種(チキン3袋+フィッシュ3袋),ココプチ,冷凍,代替品
72000019,【代替品】RNプチ・バラエティ2種(チキン3袋+ジビエ3袋),ココプチ,冷凍,代替品
72000020,【代替品】RNプチ・バラエティ2種(ポーク3袋+フィッシュ3袋),ココプチ,冷凍,代替品
72000021,【代替品】RNプチ・バラエティ2種(ポーク3袋+ジビエ3袋),ココプチ,冷凍,代替品
72000022,【代替品】RNプチ・バラエティ2種(フィッシュ3袋+ジビエ3袋),ココプチ,冷凍,代替品
72000023,【代替品】RNプチ・バラエティ3種(チキン2+ポーク2+フィッシュ2),ココプチ,冷凍,代替品
72000024,【代替品】RNプチ・バラエティ3種(チキン2+ポーク2+ジビエ2),ココプチ,冷凍,代替品
72000025,【代替品】RNプチ・バラエティ3種(チキン2+フィッシュ2+ジビエ2),ココプチ,冷凍,代替品
72000026,【代替品】RNプチ・バラエティ3種(ポーク2+フィッシュ2+ジビエ2),ココプチ,冷凍,代替品
73000007,【代替品】レトルト100g・バラエティ8袋(チキン4+ポーク4),ココレトルト,レトルト,代替品
73000008,【代替品】レトルト50g・バラエティ12袋(チキン6+ポーク6),ココレトルト,レトルト,代替品
73000009,【代替品】レトルト50g・バラエティ4袋(チキン2+ポーク2),ココレトルト,レトルト,代替品
73000010,【代替品】レトルト100g・チキン8袋,ココレトルト,レトルト,代替品
73000011,【代替品】レトルト50g・チキン12袋,ココレトルト,レトルト,代替品
73000012,【代替品】レトルト50g・チキン4袋,ココレトルト,レトルト,代替品
73000013,【代替品】レトルト100g・ポーク8袋,ココレトルト,レトルト,代替品
73000014,【代替品】レトルト50g・ポーク12袋,ココレトルト,レトルト,代替品
73000015,【代替品】レトルト50g・ポーク4袋,ココレトルト,レトルト,代替品
73000016,【代替品】レトルト50gお試し・バラエティ4袋(チキン2+ポーク2),ココレトルト,レトルト,代替品
73000017,【代替品】レトルト50gお試し・チキン4袋,ココレトルト,レトルト,代替品
73000018,【代替品】レトルト50gお試し・ポーク4袋,ココレトルト,レトルト,代替品
79000001,オリジナルフードクリップ,販促品,ノベルティ,グッズ
79000004,オリジナルフードクリップ(冷凍),販促品,ノベルティ,通販共通
81000001,【代替品】お試しBOX(チキン1+ポーク1+フィッシュ1＋ジビエ1),ココグルメ,冷凍,代替品
81000002,【代替品】お試しBOX(チキン4袋),ココグルメ,冷凍,代替品
81000003,【代替品】お試しBOX(ポーク4袋),ココグルメ,冷凍,代替品
81000004,【代替品】お試しBOX(フィッシュ4袋),ココグルメ,冷凍,代替品
81000005,【代替品】お試しBOX(ジビエ4袋),ココグルメ,冷凍,代替品
81000006,【代替品】バラエティ(チキン2+ポーク2+フィッシュ2+ジビエ2),ココグルメ,冷凍,代替品
81000007,【代替品】単品(チキン8袋),ココグルメ,冷凍,代替品
81000008,【代替品】単品(ポーク8袋),ココグルメ,冷凍,代替品
81000009,【代替品】単品(フィッシュ8袋),ココグルメ,冷凍,代替品
81000010,【代替品】単品(ジビエ8袋),ココグルメ,冷凍,代替品
81000011,【代替品】バラエティ(チキン4+ポーク4+フィッシュ4+ジビエ4),ココグルメ,冷凍,代替品
81000012,【代替品】単品(チキン16袋),ココグルメ,冷凍,代替品
81000013,【代替品】単品(ポーク16袋),ココグルメ,冷凍,代替品
81000014,【代替品】単品(フィッシュ16袋),ココグルメ,冷凍,代替品
81000015,【代替品】単品(ジビエ16袋),ココグルメ,冷凍,代替品
81000016,【代替品】バラエティ(チキン8+ポーク8),ココグルメ,冷凍,代替品
81000017,【代替品】バラエティ(チキン8+フィッシュ8),ココグルメ,冷凍,代替品
81000018,【代替品】バラエティ(チキン8+ジビエ8),ココグルメ,冷凍,代替品
81000019,【代替品】バラエティ(ポーク8+フィッシュ8),ココグルメ,冷凍,代替品
81000020,【代替品】バラエティ(ポーク8+ジビエ8),ココグルメ,冷凍,代替品
81000021,【代替品】バラエティ(フィッシュ8+ジビエ8),ココグルメ,冷凍,代替品
81000022,【代替品】バラエティ(チキン6+ポーク5+フィッシュ5),ココグルメ,冷凍,代替品
81000023,【代替品】バラエティ(チキン6+ポーク5+ジビエ5),ココグルメ,冷凍,代替品
81000024,【代替品】バラエティ(チキン6+フィッシュ5+ジビエ5),ココグルメ,冷凍,代替品
81000025,【代替品】バラエティ(ポーク6+フィッシュ5+ジビエ5),ココグルメ,冷凍,代替品
81000026,【代替品】バラエティ(チキン3+ポーク3+フィッシュ3+ジビエ3),ココグルメ,冷凍,代替品
81000027,【代替品】単品(チキン12袋),ココグルメ,冷凍,代替品
81000028,【代替品】単品(ポーク12袋),ココグルメ,冷凍,代替品
81000029,【代替品】単品(フィッシュ12袋),ココグルメ,冷凍,代替品
81000030,【代替品】単品(ジビエ12袋),ココグルメ,冷凍,代替品
81000031,【代替品】バラエティ(チキン6+ポーク6),ココグルメ,冷凍,代替品
81000032,【代替品】バラエティ(チキン6+フィッシュ6),ココグルメ,冷凍,代替品
81000033,【代替品】バラエティ(チキン6+ジビエ6),ココグルメ,冷凍,代替品
81000034,【代替品】バラエティ(ポーク6+フィッシュ6),ココグルメ,冷凍,代替品
81000035,【代替品】バラエティ(ポーク6+ジビエ6),ココグルメ,冷凍,代替品
81000036,【代替品】バラエティ(フィッシュ6+ジビエ6),ココグルメ,冷凍,代替品
81000037,【代替品】バラエティ(チキン4+ポーク4+フィッシュ4),ココグルメ,冷凍,代替品
81000038,【代替品】バラエティ(チキン4+ポーク4+ジビエ4),ココグルメ,冷凍,代替品
81000039,【代替品】バラエティ(チキン4+フィッシュ4+ジビエ4),ココグルメ,冷凍,代替品
81000040,【代替品】バラエティ(ポーク4+フィッシュ4+ジビエ4),ココグルメ,冷凍,代替品
81000053,【代替品】ケア_早期腎臓サポート(16袋),ココグルメ,冷凍,代替品
81000054,【代替品】ケア_消化器サポート(16袋),ココグルメ,冷凍,代替品
81000055,【代替品】ケア_スキンケア(16袋),ココグルメ,冷凍,代替品
81000056,【代替品】ケア_早期腎臓サポート(12袋),ココグルメ,冷凍,代替品
81000057,【代替品】ケア_消化器サポート(12袋),ココグルメ,冷凍,代替品
81000058,【代替品】ケア_スキンケア(12袋),ココグルメ,冷凍,代替品
81000059,【代替品】ケア_早期腎臓サポートお試しセット(2袋),ココグルメ,冷凍,代替品
81000060,【代替品】ケア_消化器サポートお試しセット(2袋),ココグルメ,冷凍,代替品
81000061,【代替品】ケア_スキンケアお試しセット(2袋),ココグルメ,冷凍,代替品
82000004,【代替品】プチ・単品(フィッシュ4袋),ココプチ,冷凍,代替品
82000005,【代替品】プチ・単品(ジビエ4袋),ココプチ,冷凍,代替品
82000011,【代替品】プチ・バラエティ(フィッシュ2+ジビエ2),ココプチ,冷凍,代替品
82000012,【代替品】RNプチ・バラエティ4種(チキン2+ポーク2+フィッシュ1+ジビエ1),ココプチ,冷凍,代替品
82000013,【代替品】RNプチ・チキン単品(チキン6袋),ココプチ,冷凍,代替品
82000014,【代替品】RNプチ・ポーク単品(ポーク6袋),ココプチ,冷凍,代替品
82000015,【代替品】RNプチ・フィッシュ単品(フィッシュ6袋),ココプチ,冷凍,代替品
82000016,【代替品】RNプチ・ジビエ単品(ジビエ6袋),ココプチ,冷凍,代替品
82000017,【代替品】RNプチ・バラエティ2種(チキン3+ポーク3),ココプチ,冷凍,代替品
82000018,【代替品】RNプチ・バラエティ2種(チキン3+フィッシュ3),ココプチ,冷凍,代替品
82000019,【代替品】RNプチ・バラエティ2種(チキン3+ジビエ3),ココプチ,冷凍,代替品
82000020,【代替品】RNプチ・バラエティ2種(ポーク3+フィッシュ3),ココプチ,冷凍,代替品
82000021,【代替品】RNプチ・バラエティ2種(ポーク3+ジビエ3),ココプチ,冷凍,代替品
82000022,【代替品】RNプチ・バラエティ2種(フィッシュ3+ジビエ3),ココプチ,冷凍,代替品
82000023,【代替品】RNプチ・バラエティ3種(チキン2+ポーク2+フィッシュ2),ココプチ,冷凍,代替品
82000024,【代替品】RNプチ・バラエティ3種(チキン2+ポーク2+ジビエ2),ココプチ,冷凍,代替品
82000025,【代替品】RNプチ・バラエティ3種(チキン2+フィッシュ2+ジビエ2),ココプチ,冷凍,代替品
82000026,【代替品】RNプチ・バラエティ3種(ポーク2+フィッシュ2+ジビエ2),ココプチ,冷凍,代替品
82000027,【代替品】RNプチ(チキン1),ココプチ,冷凍,代替品
82000028,【代替品】RNプチ(ポーク1),ココプチ,冷凍,代替品
82000029,【代替品】RNプチ(フィッシュ1),ココプチ,冷凍,代替品
82000030,【代替品】RNプチ(ジビエ1),ココプチ,冷凍,代替品
83000001,【かつお＆サーモンのみ】ミャオレトルト・お試しセット（4種1袋ずつ）,,,
83000002,【かつお＆サーモン以外】ミャオレトルト・お試しセット（4種1袋ずつ）,,,
83000003,【かつお＆サーモンのみ】ミャオレトルト・バラエティ（4種3袋ずつ）,,,
83000004,【かつお＆サーモン以外】ミャオレトルト・バラエティ（4種3袋ずつ）,,,
83000005,【かつお＆サーモンのみ】ミャオレトルト・まぐろタラ6袋＋かつおサーモン6袋,,,
83000006,【かつお＆サーモン以外】ミャオレトルト・まぐろタラ6袋＋かつおサーモン6袋,,,
83000007,【代替品】レトルト100g・バラエティ8袋(チキン4+ポーク4),ココレトルト,レトルト,代替品
83000008,【代替品】レトルト50g・バラエティ12袋(チキン6+ポーク6),ココレトルト,レトルト,代替品
83000009,【代替品】レトルト50g・バラエティ4袋(チキン2+ポーク2),ココレトルト,レトルト,代替品
83000010,【代替品】レトルト100g・チキン8袋,ココレトルト,レトルト,代替品
83000011,【代替品】レトルト50g・チキン12袋,ココレトルト,レトルト,代替品
83000012,【代替品】レトルト50g・チキン4袋,ココレトルト,レトルト,代替品
83000013,【代替品】レトルト100g・ポーク8袋,ココレトルト,レトルト,代替品
83000014,【代替品】レトルト50g・ポーク12袋,ココレトルト,レトルト,代替品
83000015,【代替品】レトルト50g・ポーク4袋,ココレトルト,レトルト,代替品
83000016,【代替品】レトルト50gお試し・バラエティ4袋(チキン2+ポーク2),ココレトルト,レトルト,代替品
83000017,【代替品】レトルト50gお試し・チキン4袋,ココレトルト,レトルト,代替品
83000018,【代替品】レトルト50gお試し・ポーク4袋,ココレトルト,レトルト,代替品
90000001,返送用着払い伝票(冷凍),資材,同封資材,通販用
90000002,返送用着払い伝票(常温),資材,同封資材,通販用
99900001,【寄付】ピュア_まぐろ60g,ミャオグルメ,冷凍,寄付
99900002,【寄付】ピュア_かつお60g,ミャオグルメ,冷凍,寄付
99900003,【寄付】ピュア_レトルト_まぐろ50g,ミャオレトルト,レトルト,寄付
99900004,【寄付】ピュア_レトルト_かつお50g,ミャオレトルト,レトルト,寄付
99900005,【寄付】とりささみ（ナチュラル）,ミャオグルメ,冷凍,寄付
99900006,【寄付】まぐろ＆タラ（うまみアップ）,ミャオグルメ,冷凍,寄付
99900007,【寄付】まぐろ＆タラ（うまみアップ・ペースト）,ミャオグルメ,冷凍,寄付
99900008,【寄付】かつお＆サーモン（ナチュラル）,ミャオグルメ,冷凍,寄付
99900009,【寄付】とりささみ（うまみアップ）,ミャオグルメ,冷凍,寄付
99900010,【寄付】ささみ＆まぐろ（ナチュラル）,ミャオグルメ,冷凍,寄付
99900011,【寄付】ささみ＆まぐろ（うまみアップ）,ミャオグルメ,冷凍,寄付
99900012,【寄付】まぐろ＆タラ（ナチュラル）,ミャオグルメ,冷凍,寄付
99900013,【寄付】かつお＆サーモン（うまみアップ）,ミャオグルメ,冷凍,寄付
99900014,【寄付】かつお＆サーモン（うまみアップ・ペースト）,ミャオグルメ,冷凍,寄付
99900015,【寄付】レトルト_まぐろ&タラ50g,ミャオレトルト,レトルト,寄付
99900016,【寄付】レトルト_かつお&サーモン50g,ミャオレトルト,レトルト,寄付
99900017,【寄付】にゃっち_チキン10g,ミャオスナック,レトルト,寄付
99900018,【寄付】にゃっち_まぐろ10g,ミャオスナック,レトルト,寄付
99980005,【寄付】ココ_フィッシュ100g,ココグルメ,冷凍,寄付
99980009,【寄付】ココ_ジビエ100g,ココグルメ,冷凍,寄付
99980012,【寄付】プチ_ポーク120g,ココグルメ,冷凍,寄付
99980017,【寄付】試作品レトルト_チキン100g,ココグルメ,冷凍,寄付
99980018,【寄付】試作品レトルト_ポーク100g,ココグルメ,冷凍,寄付
99980019,【寄付】試作品レトルト_フィッシュ100g,ココグルメ,冷凍,寄付
99980020,【寄付】試作品レトルト_チキン50g,ココグルメ,冷凍,寄付
99980021,【寄付】試作品レトルト_ポーク50g,ココグルメ,冷凍,寄付
99980022,【寄付】試作品レトルト_フィッシュ50g,ココグルメ,冷凍,寄付
99980023,【寄付】プチ_フィッシュ120gRN,ココプチ,冷凍,寄付
99980024,【寄付】プチ_ジビエ120gRN,ココプチ,冷凍,寄付
99980025,【寄付】プチ_チキン120gRN,ココプチ,冷凍,寄付
99980026,【寄付】プチ_ポーク120gRN,ココプチ,冷凍,寄付
99980027,【寄付】レトルト_チキン100gRN,ココレトルト,レトルト,寄付
99980028,【寄付】レトルト_ポーク100gRN,ココレトルト,レトルト,寄付
99980029,【寄付】レトルト_フィッシュ100gRN,ココレトルト,レトルト,寄付
99980030,【寄付】レトルト_ジビエ100gRN,ココレトルト,レトルト,寄付
99980031,【寄付】レトルト_チキン50gRN,ココレトルト,レトルト,寄付
99980032,【寄付】レトルト_ポーク50gRN,ココレトルト,レトルト,寄付
99980033,【寄付】レトルト_フィッシュ50gRN,ココレトルト,レトルト,寄付
99980034,【寄付】レトルト_ジビエ50gRN,ココレトルト,レトルト,寄付
99980035,【寄付】ピュア_まぐろ60g,ミャオグルメ,冷凍,寄付
99980036,【寄付】ピュア_かつお60g,ミャオグルメ,冷凍,寄付
99980037,【寄付】レトルト_まぐろ&タラ50g,ミャオグルメ,レトルト,寄付
99980038,【寄付】レトルト_かつお&サーモン50g,ミャオグルメ,レトルト,寄付
99980039,【寄付】ピュア_レトルト_まぐろ50g,ミャオグルメ,レトルト,寄付
99980040,【寄付】ピュア_レトルト_かつお50g,ミャオグルメ,レトルト,寄付
99980041,【寄付】ケア_早期腎臓サポート100g,ココケア,冷凍,寄付
99980042,【寄付】ケア_消化器サポート100g,ココケア,冷凍,寄付
99980043,【寄付】ケア_スキンケア100g,ココケア,冷凍,寄付
